-- phpMyAdmin SQL Dump
-- version 5.1.1
-- https://www.phpmyadmin.net/
--
-- Hôte : 127.0.0.1:3306
-- Généré le : jeu. 30 jan. 2025 à 10:32
-- Version du serveur : 8.0.27
-- Version de PHP : 7.4.26

SET SQL_MODE = "NO_AUTO_VALUE_ON_ZERO";
START TRANSACTION;
SET time_zone = "+00:00";


/*!40101 SET @OLD_CHARACTER_SET_CLIENT=@@CHARACTER_SET_CLIENT */;
/*!40101 SET @OLD_CHARACTER_SET_RESULTS=@@CHARACTER_SET_RESULTS */;
/*!40101 SET @OLD_COLLATION_CONNECTION=@@COLLATION_CONNECTION */;
/*!40101 SET NAMES utf8mb4 */;

--
-- Base de données : `dashboard`
--

-- --------------------------------------------------------

--
-- Structure de la table `association`
--

DROP TABLE IF EXISTS `association`;
CREATE TABLE IF NOT EXISTS `association` (
  `id` int NOT NULL AUTO_INCREMENT,
  `nom` varchar(255) CHARACTER SET utf8mb4 COLLATE utf8mb4_unicode_ci NOT NULL,
  `membre` int DEFAULT NULL,
  `activite` varchar(255) CHARACTER SET utf8mb4 COLLATE utf8mb4_unicode_ci NOT NULL,
  `commune_id` int NOT NULL,
  `type_association_id` int NOT NULL,
  `nom_president` varchar(255) COLLATE utf8mb4_unicode_ci NOT NULL,
  `nif_stat` tinyint(1) NOT NULL,
  `numero_recepisse` varchar(150) COLLATE utf8mb4_unicode_ci NOT NULL,
  PRIMARY KEY (`id`),
  KEY `IDX_FD8521CC131A4F72` (`commune_id`),
  KEY `IDX_FD8521CCB97AE131` (`type_association_id`)
) ENGINE=InnoDB AUTO_INCREMENT=1216 DEFAULT CHARSET=utf8mb4 COLLATE=utf8mb4_unicode_ci;

--
-- Déchargement des données de la table `association`
--

INSERT INTO `association` (`id`, `nom`, `membre`, `activite`, `commune_id`, `type_association_id`, `nom_president`, `nif_stat`, `numero_recepisse`) VALUES
(1, 'aina', 30, 'COUPE ET COUTURE', 471, 1, 'voahirana aurelie ', 0, ''),
(2, 'AINA', 54, 'agriculture et elevage', 471, 1, 'RAVELOARISOA', 0, '148-2019/DIS/ATO/ASS du 21/8/2019'),
(3, 'EZEKA MIRAY', 20, 'coupe et couture', 471, 1, 'RAZANABAONOMENJANAHARY Henriette', 0, '051-DIS/ATO/ASS du 10/10/2016'),
(4, 'MIHARISOA', 19, 'Coupe et couture', 471, 1, 'RAKOTOMENA Mikaia', 0, '013/DIS/ATO/ASS'),
(5, 'MANANTENA FANDROSOANA', 20, 'Agriculture', 471, 1, '', 0, ''),
(6, 'MIARADIA', 30, 'elevage de porcs', 471, 1, 'RAVAONDRAINY', 0, '004/13-DIS/ATO/ASS du 15/8/2013'),
(7, 'MIRAY', 18, 'agriculture arachide', 471, 1, 'RASOAMAMPIANDRA Perle', 0, ''),
(8, 'FANDRENANTSOA', 22, 'elevage de poulet', 471, 1, 'RASOAMILANTO Perline', 0, '018/11 DIS/ATO/ASS du 05/10/2011'),
(9, 'MIHARISOA', 30, 'ELEVAGE PORC', 471, 1, 'RATSIMBAZAFIZANADRAY fleur', 0, '008/16-DIST/ATO/ASS'),
(10, 'TARATRA', 45, 'PROTECTION Environement', 471, 1, 'RAVELOHOTSY Lea', 0, '58/16-DIS/ATO/ASS DU 21/11/2016'),
(11, 'TANTSAHA MPAMOKATRA', 30, 'agriculture arachide et elevage', 471, 1, 'SENDRASOA Germaine', 0, '151/18-DIT/ATO/ASS du 12/10/2018'),
(12, 'MIRAY MIHARY', 18, 'elevage de porcs', 471, 1, 'RAVELOKAMISY Saholinirinjanahary M Claire', 0, '065/16-DIST/ATO/ASS du 20/10/2016'),
(13, 'MITSINJOLAVITRA', 28, 'culture arachide', 471, 1, 'RASOAMAMPIO0A', 0, '155/19-DIST/ATO/ASS du 11/09/2019'),
(14, 'VAHATRA', 30, 'agriculture arachide et riz pluvial', 471, 1, '', 0, '78/10-REG/AMM du 10/5/2010'),
(15, 'FARIMBONA', 35, 'agriculture arachide et riz pluvial', 471, 1, '', 0, '43/10-REG/AMM du 5/2/2010'),
(16, 'MAMPIEZAKA', 32, 'elevage et agriculture arachide', 471, 1, 'RAKOTONIRINA Jean Marcel', 0, '109/19-DIST/ATO/ASS du 22/07/2019'),
(17, 'FITARIKANDRO', 18, 'elevage et agriculture arachide', 471, 1, 'MAMPIANDRA TSIFERANTSOA  ange', 0, '21/DIST/ATO/ASS'),
(18, 'MIARADIA', 23, 'agriculture et elevage', 471, 1, '', 0, ''),
(19, 'MIRAY', 25, 'agriculture et elevage', 471, 1, '', 0, ''),
(20, 'MANIRISOA', 40, 'agriculture et elevage', 471, 1, '', 0, ''),
(21, 'EZAKA', 65, 'agriculture et elevage', 471, 1, '', 0, ''),
(22, 'SOAIOMBONANA', 56, 'agriculture et elevage', 471, 1, '', 0, ''),
(23, 'EZAKA', 43, 'agriculture et elevage', 471, 1, '', 0, ''),
(24, 'SALOHY', 23, 'agriculture et elevage', 479, 1, 'RALAMBOZAFY Oniarivololona', 0, ''),
(25, 'FIHAVAOZANA', 21, 'agriculture et elevage', 471, 1, '', 0, ''),
(26, 'MITSINJOSOA', 31, 'agriculture et elevage', 471, 1, '', 0, ''),
(27, 'SANTATRA', 17, 'agriculture et elevage', 471, 1, '', 0, ''),
(28, 'EZAKA MIRAY', 16, 'agriculture et elevage', 471, 1, '', 0, ''),
(29, 'TARATRINIHOAVY', 23, 'agriculture et elevage', 471, 1, 'RAZAFINDRASOA Jeannette', 0, ''),
(30, 'ANJARASOA', 27, 'agriculture et elevage', 471, 1, '', 0, ''),
(31, 'FITARIKANDRO II', 19, 'agriculture et elevage', 471, 1, '', 0, ''),
(32, 'AMPELA MIRONA @ FAMBOLENA', 43, 'agriculture et elevage', 471, 1, 'RAVONIARISOA MAMPIANDRA Honorine', 0, '032/2017/ATO/DIST/ASS'),
(33, 'TARATRA', 24, 'agriculture et elevage', 471, 1, '', 0, ''),
(34, 'MIARAMISALAHY', 133, 'agriculture et elevage', 471, 1, '', 0, '133/2018/ATO/DIST/ASS'),
(35, 'VEHIVAVY LIAMPIVOARANA', 17, 'agriculture et elevage', 474, 1, 'RASOANANDRASANA Felicite Lydia', 0, ''),
(36, 'AKON\'NY TANTSAHA', 0, 'agriculture et elevage', 475, 1, '', 0, '124-2018/ATO/DIST/ASS'),
(37, 'ANDOMPAHASOAVANA', 26, 'agriculture et elevage', 471, 1, '', 0, ''),
(38, 'MANOHISOA IOMBONANA', 30, 'agriculture et elevage', 1704, 1, 'RAVAOARISOA Sambovelo', 0, ''),
(39, 'MITSINJOSOA', 35, 'agriculture et elevage', 1704, 1, '', 0, ''),
(40, 'FANORENANTSOA', 40, 'agriculture et elevage', 474, 1, 'RASOAMILANTO Perline', 0, ''),
(41, 'Viavy Miavotse', 5107, 'Education;Formation;Action Sociale', 486, 1, 'RAKOTOMANOLO Lalao Jeanine', 0, 'En cours'),
(42, '08 Mars Ambositra', 120, 'Education;Formation;Action Sociale', 486, 1, 'RAMANGASON Liva Oelsoa', 0, 'En cours'),
(43, 'AFHAM', 16, 'Agriculture;Elevage;Artisanat', 486, 1, 'RAZAFINDRAVELO Henriette', 1, '1087/11-MI/DIRAT/ANT/ASS'),
(44, 'VAM', 60, 'Lakile Telo(Epargne)', 486, 1, 'RASOANJANAHARY Marie Alice', 0, 'En cours'),
(45, 'VEMISOA', 30, 'Production de Savon et du Vin', 486, 1, 'RAKOTOMALALA Florence Aimée Récienne', 0, '148/24-PREF/AMB/ASS'),
(46, 'MIHARY MAMY', 18, 'Agriculture;Elevage;Formation', 486, 1, 'RANDRIANIRINA Jean L1s', 0, '023/20-PREF/AMB/ASS'),
(47, 'AVOTRA', 171, 'Agriculture;Elevage;Artisanat', 486, 1, 'RASOAMANAMPY Njaramalala joeline', 0, ''),
(48, 'AMS', 87, 'Lutter contre le Violence basée sur le genre;Promouvoir l\'egalité entre les hommes et les femmes;Action Sociale;protection de l\'Environnement', 486, 1, 'MIRARY Lalasoa Victorine', 0, '139/20-PREF/AMB/ASS'),
(49, 'AFAMA', 27, 'Alphabetisation; Elevage;Developpement Rural;Culture Entrepreunarial', 486, 1, 'RAKOTOMANOLO Lalao Jeanine', 1, '030-SATF/Ass du 01.03.99'),
(50, 'MERE DILIGENTE', 102, 'Nutrition et Bien être;Santé Familiale;Habitat et Environnement', 486, 1, 'RAPATSALAHY Georgette', 0, '051-96/SATF/ASS'),
(51, 'FIKRIZAMA', 50, 'Lutter contre les mariages precoce;Eduquer les jeunes filles pour devenir chretienne', 486, 1, 'HOLIARISATA Harisoa', 0, ''),
(52, 'MARO', 135, 'Action Sociale;Politique', 486, 1, 'KOTO jaomalala', 0, '32/23-PREF/AMB/ASS'),
(53, 'FEM', 42, 'Promouvoir l\'egalité entre les hommes et les femmes;droits des enfants pour avoir la même Education;Admission a l\'Ecole;Lutter contre le Violence basée sur le genre', 486, 1, 'HASINORONIRINAMBISOA Jeanne Marie Sandillia', 0, '1616/18-MID/SG/DGAT/ANT/ASS'),
(54, 'ETSY BABEKO', 10, 'Couturiere', 486, 1, 'RAZAFINDRAMAVO Francoise Cecile', 0, '041PAF/SAPT/ASS.A.M'),
(55, 'FIEFA MIR MAD', 15, 'Lutter contre les Violences Basées sur le genre;Non Violence', 486, 1, 'HOLIARISATA Harisoa', 0, ''),
(56, 'SSA PROTECTION SOCIALE FAM', 12, 'Formation;Agriculture;Elevage', 486, 1, 'RASOANJANAHARY Alice', 0, 'En cours'),
(57, 'VEHIVAVY RHEMA', 0, '', 486, 1, 'Dina RAMAHOLINISENDRA', 0, 'En cours'),
(58, 'Association GAZELA', 27, 'Developpement du monde rural;Education Civique;Education de Santé Communautaire;Protection et gestion de l\'environnement', 486, 1, 'RASOLOFOARISOA Lydia Alphonsine           ', 0, '033/11/REG/AMM/ASS'),
(59, 'FIAMA', 37, 'Artisanat', 486, 1, 'RAVELONALAHADY Beatrice', 0, 'En cours'),
(60, 'AMBC Plateforme Mivoatra', 100, 'ART MALAGASY', 486, 1, 'FIDELIS', 1, 'En cours'),
(61, 'TSIRY', 0, '', 486, 1, 'SAHOLIARIMANANA Parfaitine', 0, '221/DIST/AMB/ASS du 06/06/21'),
(62, 'FEMME DEVELOPEMENT DURABLE', 10, 'Agriculture et Elevage', 1704, 1, 'HOLIARISATA Harisoa', 0, ''),
(63, 'VONONA', 15, '', 486, 1, 'RATSIAZONIVA Tovondrainy Philippe', 0, '45/17-PREF/AMB/ASS'),
(64, 'AKANY MAHASAMBATRA', 12, '', 486, 1, 'RAVOLOLOMBOAHANGY Naphtanielle', 0, '87-DIS/AMB/ASS'),
(65, 'LOVASOA', 18, '', 486, 1, 'RAZANANOAELINA Perline', 0, '23311/CA\nDu 20/12/06\n'),
(66, 'VONONA', 17, 'Agriculture;Elevage;Artisanat', 481, 1, 'RAKOTOMIANDRISOA Ernest', 0, ''),
(67, 'ASAMA', 0, '', 489, 1, 'RAVOLOLONIRINA Bakoliarisoa Honorette', 0, '012/MICA/SG/DRICA AMM'),
(68, 'MIAVOTRA', 0, '', 1704, 1, 'VOAHANGY Lalao Marie Elia', 0, '57/21-PREF/AMB/ASS'),
(69, 'FANILO', 25, 'Construction de barrage', 488, 1, 'RAVELONIRINA Miandrisoa Pierette', 0, '106/19/PREF/AMB/ASS'),
(70, 'MIRAIHINA', 20, '', 488, 1, 'ANJARASOA', 0, '8220 PREF/AMB/ASS du 07/02/20'),
(71, 'TSIRY', 17, '', 488, 1, 'RAKOTONIRAINY Joseph Iréné', 0, '21/20/MID/DPID/F/SAGT/ASS'),
(72, 'FIVEMI', 20, 'Agriculture;Elevage', 488, 1, 'ONITRINIAINA RAKOTOMAMONJY', 1, '81/20-PREF/AMB/ASS'),
(73, 'TARIDALANA', 30, 'Cultuvateur de tomate;Haricot', 488, 1, 'RAVELONIRINA Miandrisoa Pierette', 0, '84/20-PREF/AMB/ASS du 07/02/20'),
(74, 'ZINA', 22, 'VSL', 1704, 1, 'RAZAFIMANANTSOA Léonard Pierre', 1, '157/96/SATF/ASS'),
(75, 'VEHIVAVY MIAVOTRA', 0, '', 1704, 1, 'RASOAMAMPIO0A Jean Baptiste', 0, '20/23-PREF/AMB/ASS'),
(76, 'EZAKA MIARAMITA', 15, '', 501, 1, 'RAHARINIRINA Marie Chantal', 0, '1293/PAF/SPAT/ASS du 23.07.03'),
(77, 'MA MA MI', 2000, 'sensibilisation,Transformation des fruits, textile (coupe et couture), vannerie, Aviculture, patisserie, charcuterie', 360, 1, '', 0, ''),
(78, 'Viavy Miavotse', 370, 'sensibilisation,Transformation des fruits, textile (coupe et couture), vannerie, Aviculture, patisserie, charcuterie', 360, 1, '', 0, ''),
(79, 'ANG', 100, 'sensibilisation,Transformation des fruits, textile (coupe et couture), vannerie, Aviculture, patisserie, charcuterie', 360, 1, '', 0, ''),
(80, 'TMH', 80, 'sensibilisation,Transformation des fruits, textile (coupe et couture), vannerie, Aviculture, patisserie, charcuterie', 360, 1, '', 0, ''),
(81, 'Cs ANR', 75, 'sensibilisation,Transformation des fruits, textile (coupe et couture), vannerie, Aviculture, patisserie, charcuterie', 360, 1, '', 0, ''),
(82, 'FIVAMI', 100, 'sensibilisation,Transformation des fruits, textile (coupe et couture), vannerie, Aviculture, patisserie, charcuterie', 360, 1, '', 0, ''),
(83, 'FI VAZA', 80, 'sensibilisation,Transformation des fruits, textile (coupe et couture), vannerie, Aviculture, patisserie, charcuterie', 360, 1, '', 0, ''),
(84, 'FIVAPOVA', 120, 'sensibilisation,Transformation des fruits, textile (coupe et couture), vannerie, Aviculture, patisserie, charcuterie', 360, 1, '', 0, ''),
(85, 'FMFM FRIPERIE', 115, 'sensibilisation,Transformation des fruits, textile (coupe et couture), vannerie, Aviculture, patisserie, charcuterie', 360, 1, '', 0, ''),
(86, 'Cœur et Conscience', 30, 'sensibilisation,Transformation des fruits, textile (coupe et couture), vannerie, Aviculture, patisserie, charcuterie', 360, 1, '', 0, ''),
(87, 'Femmes Ambodilamonty Miray', 58, 'sensibilisation,Transformation des fruits, textile (coupe et couture), vannerie, Aviculture, patisserie, charcuterie', 360, 1, '', 0, ''),
(88, 'Association des Femmes Lazaret Sud', 45, 'sensibilisation,Transformation des fruits, textile (coupe et couture), vannerie, Aviculture, patisserie, charcuterie', 360, 1, '', 0, ''),
(89, 'Association des femmes TSENA FMT', 400, 'sensibilisation,Transformation des fruits, textile (coupe et couture), vannerie, Aviculture, patisserie, charcuterie', 360, 1, '', 0, ''),
(90, 'Association des Femmes EZAKA Bazaikely', 75, 'sensibilisation,Transformation des fruits, textile (coupe et couture), vannerie, Aviculture, patisserie, charcuterie', 360, 1, '', 0, ''),
(91, 'FI TE MIA', 7000, 'sensibilisation,Transformation des fruits, textile (coupe et couture), vannerie, Aviculture, patisserie, charcuterie', 360, 1, '', 0, ''),
(92, 'VESELA', 25, 'sensibilisation,Transformation des fruits, textile (coupe et couture), vannerie, Aviculture, patisserie, charcuterie', 1704, 1, '', 0, ''),
(93, 'Fikambanan\'ny Zanaka Iharagna', 80, 'sensibilisation,Transformation des fruits, textile (coupe et couture), vannerie, Aviculture, patisserie, charcuterie', 1704, 1, '', 0, ''),
(94, 'HAMBOTSY', 30, 'sensibilisation,Transformation des fruits, textile (coupe et couture), vannerie, Aviculture, patisserie, charcuterie', 360, 1, '', 0, ''),
(95, 'AFUNA', 45, 'sensibilisation,Transformation des fruits, textile (coupe et couture), vannerie, Aviculture, patisserie, charcuterie', 360, 1, '', 0, ''),
(96, 'Association vonona Miray Hina Tanambao Sud', 0, 'sensibilisation,Transformation des fruits, textile (coupe et couture), vannerie, Aviculture, patisserie, charcuterie', 1704, 1, '', 0, ''),
(97, 'SAINTE MARIENNE', 65, 'sensibilisation,Transformation des fruits, textile (coupe et couture), vannerie, Aviculture, patisserie, charcuterie', 360, 1, '', 0, ''),
(98, 'AVMM', 50, 'sensibilisation,Transformation des fruits, textile (coupe et couture), vannerie, Aviculture, patisserie, charcuterie', 360, 1, '', 0, ''),
(99, 'Association des Femmes Morafeno Atsimo', 85, 'sensibilisation,Transformation des fruits, textile (coupe et couture), vannerie, Aviculture, patisserie, charcuterie', 360, 1, '', 0, ''),
(100, 'BOZIBE Tanambao IV', 70, 'sensibilisation,Transformation des fruits, textile (coupe et couture), vannerie, Aviculture, patisserie, charcuterie', 360, 1, '', 0, ''),
(101, 'OTIV DIANA', 0, 'sensibilisation,Transformation des fruits, textile (coupe et couture), vannerie, Aviculture, patisserie, charcuterie', 1704, 1, '', 0, ''),
(102, 'SOAMEVA Ambalavola', 60, 'sensibilisation,Transformation des fruits, textile (coupe et couture), vannerie, Aviculture, patisserie, charcuterie', 360, 1, '', 0, ''),
(103, 'FI VE MA Mahatsara', 150, 'sensibilisation,Transformation des fruits, textile (coupe et couture), vannerie, Aviculture, patisserie, charcuterie', 360, 1, '', 0, ''),
(104, 'Vil Sud', 0, 'sensibilisation,Transformation des fruits, textile (coupe et couture), vannerie, Aviculture, patisserie, charcuterie', 360, 1, '', 0, ''),
(105, 'FVVC', 0, 'sensibilisation,Transformation des fruits, textile (coupe et couture), vannerie, Aviculture, patisserie, charcuterie', 360, 1, '', 0, ''),
(106, 'CSM', 0, 'sensibilisation,Transformation des fruits, textile (coupe et couture), vannerie, Aviculture, patisserie, charcuterie', 360, 1, '', 0, ''),
(107, 'CMA', 0, 'sensibilisation,Transformation des fruits, textile (coupe et couture), vannerie, Aviculture, patisserie, charcuterie', 360, 1, '', 0, ''),
(108, 'MMMI', 0, 'sensibilisation,Transformation des fruits, textile (coupe et couture), vannerie, Aviculture, patisserie, charcuterie', 360, 1, '', 0, ''),
(109, 'CCID', 0, 'sensibilisation,Transformation des fruits, textile (coupe et couture), vannerie, Aviculture, patisserie, charcuterie', 360, 1, '', 0, ''),
(110, 'TRANOBE Anjoaty', 0, 'sensibilisation,Transformation des fruits, textile (coupe et couture), vannerie, Aviculture, patisserie, charcuterie', 360, 1, '', 0, ''),
(111, 'VMM', 45, 'sensibilisation,Transformation des fruits, textile (coupe et couture), vannerie, Aviculture, patisserie, charcuterie', 360, 1, '', 0, ''),
(112, 'FIVAMI', 84, 'sensibilisation,Transformation des fruits, textile (coupe et couture), vannerie, Aviculture, patisserie, charcuterie', 360, 1, '', 0, ''),
(113, 'Association des Femmes Lazaret Nord', 65, 'sensibilisation,Transformation des fruits, textile (coupe et couture), vannerie, Aviculture, patisserie, charcuterie', 360, 1, '', 0, ''),
(114, 'FIVITOA', 87, 'sensibilisation,Transformation des fruits, textile (coupe et couture), vannerie, Aviculture, patisserie, charcuterie', 360, 1, '', 0, ''),
(115, 'MAMISOA', 45, 'sensibilisation,Transformation des fruits, textile (coupe et couture), vannerie, Aviculture, patisserie, charcuterie', 360, 1, '', 0, ''),
(116, 'FIVEMOMI', 35, 'sensibilisation,Transformation des fruits, textile (coupe et couture), vannerie, Aviculture, patisserie, charcuterie', 360, 1, '', 0, ''),
(117, 'FIZABE', 50, 'sensibilisation,Transformation des fruits, textile (coupe et couture), vannerie, Aviculture, patisserie, charcuterie', 360, 1, '', 0, ''),
(118, 'FIAVOMAMI', 120, 'sensibilisation,Transformation des fruits, textile (coupe et couture), vannerie, Aviculture, patisserie, charcuterie', 360, 1, '', 0, ''),
(119, 'VEHIVAVY Mangarivotra', 57, 'sensibilisation,Transformation des fruits, textile (coupe et couture), vannerie, Aviculture, patisserie, charcuterie', 360, 1, '', 0, ''),
(120, 'FIVEJIA', 120, 'sensibilisation,Transformation des fruits, textile (coupe et couture), vannerie, Aviculture, patisserie, charcuterie', 360, 1, '', 0, ''),
(121, 'LOHARANO HASIGNY', 60, 'sensibilisation,Transformation des fruits, textile (coupe et couture), vannerie, Aviculture, patisserie, charcuterie', 360, 1, '', 0, ''),
(122, 'FIZAFA', 85, 'sensibilisation,Transformation des fruits, textile (coupe et couture), vannerie, Aviculture, patisserie, charcuterie', 360, 1, '', 0, ''),
(123, 'FIFIMA', 87, 'sensibilisation,Transformation des fruits, textile (coupe et couture), vannerie, Aviculture, patisserie, charcuterie', 360, 1, '', 0, ''),
(124, 'SAVA MIFANOJY', 400, 'sensibilisation,Transformation des fruits, textile (coupe et couture), vannerie, Aviculture, patisserie, charcuterie', 360, 1, '', 0, ''),
(125, 'FEMME FOP', 12, 'sensibilisation,Transformation des fruits, textile (coupe et couture), vannerie, Aviculture, patisserie, charcuterie', 360, 1, '', 0, ''),
(126, 'MJS', 10, 'sensibilisation,Transformation des fruits, textile (coupe et couture), vannerie, Aviculture, patisserie, charcuterie', 360, 1, '', 0, ''),
(127, 'Femmes Penitenciaire', 0, 'sensibilisation,Transformation des fruits, textile (coupe et couture), vannerie, Aviculture, patisserie, charcuterie', 1704, 1, '', 0, ''),
(128, 'FEMME FOP', 0, 'sensibilisation,Transformation des fruits, textile (coupe et couture), vannerie, Aviculture, patisserie, charcuterie', 1704, 1, '', 0, ''),
(129, 'SOFIA MIRAY', 2000, 'sensibilisation,Transformation des fruits, textile (coupe et couture), vannerie, Aviculture, patisserie, charcuterie', 360, 1, '', 0, ''),
(130, 'TESAKA MIRAY LENY MIRAY MENA', 400, 'sensibilisation,Transformation des fruits, textile (coupe et couture), vannerie, Aviculture, patisserie, charcuterie', 360, 1, '', 0, ''),
(131, 'FEMME DREN', 60, 'sensibilisation,Transformation des fruits, textile (coupe et couture), vannerie, Aviculture, patisserie, charcuterie', 360, 1, '', 0, ''),
(132, 'FEMME LA SALINE', 0, 'sensibilisation,Transformation des fruits, textile (coupe et couture), vannerie, Aviculture, patisserie, charcuterie', 1704, 1, '', 0, ''),
(133, 'Vehivavy 8 mars Fkt Manongalaza', 150, 'sensibilisation,Transformation des fruits, textile (coupe et couture), vannerie, Aviculture, patisserie, charcuterie', 360, 1, '', 0, ''),
(134, 'GARE Routière', 50, 'sensibilisation,Transformation des fruits, textile (coupe et couture), vannerie, Aviculture, patisserie, charcuterie', 360, 1, '', 0, ''),
(135, 'FEMME DIEGO', 60, 'sensibilisation,Transformation des fruits, textile (coupe et couture), vannerie, Aviculture, patisserie, charcuterie', 360, 1, '', 0, ''),
(136, 'VEVIVY MIRAY HINA MANGARIVOTRA', 100, 'sensibilisation,Transformation des fruits, textile (coupe et couture), vannerie, Aviculture, patisserie, charcuterie', 360, 1, '', 0, ''),
(137, 'AFEFA', 80, 'sensibilisation,Transformation des fruits, textile (coupe et couture), vannerie, Aviculture, patisserie, charcuterie', 360, 1, '', 0, ''),
(138, 'AFEA', 200, 'sensibilisation,Transformation des fruits, textile (coupe et couture), vannerie, Aviculture, patisserie, charcuterie', 360, 1, '', 0, ''),
(139, 'ORANGE', 200, 'sensibilisation,Transformation des fruits, textile (coupe et couture), vannerie, Aviculture, patisserie, charcuterie', 360, 1, '', 0, ''),
(140, 'FEMME ACTIVE DE LA SECREN', 45, 'sensibilisation,Transformation des fruits, textile (coupe et couture), vannerie, Aviculture, patisserie, charcuterie', 360, 1, '', 0, ''),
(141, 'FIFIMA', 30, 'sensibilisation,Transformation des fruits, textile (coupe et couture), vannerie, Aviculture, patisserie, charcuterie', 360, 1, '', 0, ''),
(142, 'RENY MPITAIZA', 30, 'sensibilisation,Transformation des fruits, textile (coupe et couture), vannerie, Aviculture, patisserie, charcuterie', 360, 1, '', 0, ''),
(143, 'FIVITOA', 40, 'sensibilisation,Transformation des fruits, textile (coupe et couture), vannerie, Aviculture, patisserie, charcuterie', 360, 1, '', 0, ''),
(144, 'FIVASEMI', 119, 'sensibilisation,Transformation des fruits, textile (coupe et couture), vannerie, Aviculture, patisserie, charcuterie', 360, 1, '', 0, ''),
(145, 'AMENAGEMENT DU TERRITOIRE', 15, 'sensibilisation,Transformation des fruits, textile (coupe et couture), vannerie, Aviculture, patisserie, charcuterie', 360, 1, '', 0, ''),
(146, 'FIRAISAN-KINA NO HERY', 110, 'sensibilisation,Transformation des fruits, textile (coupe et couture), vannerie, Aviculture, patisserie, charcuterie', 360, 1, '', 0, ''),
(147, 'Femme Contrat', 52, 'sensibilisation,Transformation des fruits, textile (coupe et couture), vannerie, Aviculture, patisserie, charcuterie', 360, 1, '', 0, ''),
(148, 'AFSED', 600, 'sensibilisation,Transformation des fruits, textile (coupe et couture), vannerie, Aviculture, patisserie, charcuterie', 360, 1, '', 0, ''),
(149, 'FIVEMOMI', 60, 'sensibilisation,Transformation des fruits, textile (coupe et couture), vannerie, Aviculture, patisserie, charcuterie', 360, 1, '', 0, ''),
(150, 'ANAPATRA', 185, 'sensibilisation,Transformation des fruits, textile (coupe et couture), vannerie, Aviculture, patisserie, charcuterie', 360, 1, '', 0, ''),
(151, 'Association Vonona Miray Hina Tanambao Sud', 170, 'sensibilisation,Transformation des fruits, textile (coupe et couture), vannerie, Aviculture, patisserie, charcuterie', 360, 1, '', 0, ''),
(152, 'AFHAM', 52, 'sensibilisation,Transformation des fruits, textile (coupe et couture), vannerie, Aviculture, patisserie, charcuterie', 360, 1, '', 0, ''),
(153, 'COMADIE', 0, 'sensibilisation,Transformation des fruits, textile (coupe et couture), vannerie, Aviculture, patisserie, charcuterie', 1704, 1, '', 0, ''),
(154, 'KASM', 70, 'sensibilisation,Transformation des fruits, textile (coupe et couture), vannerie, Aviculture, patisserie, charcuterie', 360, 1, '', 0, ''),
(155, 'Fikambanam-behivavy Tsimanavaka Tanambao V', 150, 'sensibilisation,Transformation des fruits, textile (coupe et couture), vannerie, Aviculture, patisserie, charcuterie', 360, 1, '', 0, ''),
(156, 'FVST (Fikambanana Vehivavy Secteur Sud Tsaramandroso)', 20, 'sensibilisation,Transformation des fruits, textile (coupe et couture), vannerie, Aviculture, patisserie, charcuterie', 360, 1, '', 0, ''),
(157, 'TAXI BE', 15, 'sensibilisation,Transformation des fruits, textile (coupe et couture), vannerie, Aviculture, patisserie, charcuterie', 360, 1, '', 0, ''),
(158, 'MMM', 200, 'sensibilisation,Transformation des fruits, textile (coupe et couture), vannerie, Aviculture, patisserie, charcuterie', 360, 1, '', 0, ''),
(159, 'ASCOTA', 45, 'sensibilisation,Transformation des fruits, textile (coupe et couture), vannerie, Aviculture, patisserie, charcuterie', 360, 1, '', 0, ''),
(160, 'ZANAKA SERINY MIRAY', 150, 'sensibilisation,Transformation des fruits, textile (coupe et couture), vannerie, Aviculture, patisserie, charcuterie', 360, 1, '', 0, ''),
(161, 'FITEMA (Fikambanan’ny Zanaka Maroantsetra)', 250, 'sensibilisation,Transformation des fruits, textile (coupe et couture), vannerie, Aviculture, patisserie, charcuterie', 360, 1, '', 0, ''),
(162, 'FIZABE (Bemarivo)', 93, 'sensibilisation,Transformation des fruits, textile (coupe et couture), vannerie, Aviculture, patisserie, charcuterie', 360, 1, '', 0, ''),
(163, 'MAMI MANONGALAZA', 32, 'sensibilisation,Transformation des fruits, textile (coupe et couture), vannerie, Aviculture, patisserie, charcuterie', 360, 1, '', 0, ''),
(164, 'FITEFIA (346)', 100, 'sensibilisation,Transformation des fruits, textile (coupe et couture), vannerie, Aviculture, patisserie, charcuterie', 360, 1, '', 0, ''),
(165, 'BOLORE', 25, 'sensibilisation,Transformation des fruits, textile (coupe et couture), vannerie, Aviculture, patisserie, charcuterie', 360, 1, '', 0, ''),
(166, 'FITEFIA', 100, 'sensibilisation,Transformation des fruits, textile (coupe et couture), vannerie, Aviculture, patisserie, charcuterie', 360, 1, '', 0, ''),
(167, 'Fikambanan\'Antananarivo Miray', 0, 'sensibilisation,Transformation des fruits, textile (coupe et couture), vannerie, Aviculture, patisserie, charcuterie', 1704, 1, '', 0, ''),
(168, 'Tsimialonjafy', 80, 'sensibilisation,Transformation des fruits, textile (coupe et couture), vannerie, Aviculture, patisserie, charcuterie', 360, 1, '', 0, ''),
(169, 'Association Ambotsy tsy very laza', 60, 'sensibilisation,Transformation des fruits, textile (coupe et couture), vannerie, Aviculture, patisserie, charcuterie', 360, 1, '', 0, ''),
(170, 'TATARO PRO', 30, 'sensibilisation,Transformation des fruits, textile (coupe et couture), vannerie, Aviculture, patisserie, charcuterie', 360, 1, '', 0, ''),
(171, 'LAZARET NORD', 100, 'sensibilisation,Transformation des fruits, textile (coupe et couture), vannerie, Aviculture, patisserie, charcuterie', 360, 1, '', 0, ''),
(172, 'PISCINE ANGLAIS', 60, 'sensibilisation,Transformation des fruits, textile (coupe et couture), vannerie, Aviculture, patisserie, charcuterie', 360, 1, '', 0, ''),
(173, 'Association Nosibe Musulmane', 80, 'sensibilisation,Transformation des fruits, textile (coupe et couture), vannerie, Aviculture, patisserie, charcuterie', 360, 1, '', 0, ''),
(174, 'IHWATIMAANROUF', 150, 'sensibilisation,Transformation des fruits, textile (coupe et couture), vannerie, Aviculture, patisserie, charcuterie', 360, 1, '', 0, ''),
(175, 'FIMAMA', 56, 'sensibilisation,Transformation des fruits, textile (coupe et couture), vannerie, Aviculture, patisserie, charcuterie', 360, 1, '', 0, ''),
(176, 'VTF (Viavy Tia Fandrosoagna)', 70, 'sensibilisation,Transformation des fruits, textile (coupe et couture), vannerie, Aviculture, patisserie, charcuterie', 360, 1, '', 0, ''),
(177, 'MEVA VARATRA', 30, 'sensibilisation,Transformation des fruits, textile (coupe et couture), vannerie, Aviculture, patisserie, charcuterie', 360, 1, '', 0, ''),
(178, 'TARATRA', 54, 'sensibilisation,Transformation des fruits, textile (coupe et couture), vannerie, Aviculture, patisserie, charcuterie', 360, 1, '', 0, ''),
(179, 'JAA', 30, 'sensibilisation,Transformation des fruits, textile (coupe et couture), vannerie, Aviculture, patisserie, charcuterie', 360, 1, '', 0, ''),
(180, 'AVMM', 25, 'sensibilisation,Transformation des fruits, textile (coupe et couture), vannerie, Aviculture, patisserie, charcuterie', 360, 1, '', 0, ''),
(181, 'VIASAFED', 110, 'sensibilisation,Transformation des fruits, textile (coupe et couture), vannerie, Aviculture, patisserie, charcuterie', 360, 1, '', 0, ''),
(182, 'Fi Ve La No', 40, 'sensibilisation,Transformation des fruits, textile (coupe et couture), vannerie, Aviculture, patisserie, charcuterie', 360, 1, '', 0, ''),
(183, 'Morafeno Atsimo', 60, 'sensibilisation,Transformation des fruits, textile (coupe et couture), vannerie, Aviculture, patisserie, charcuterie', 360, 1, '', 0, ''),
(184, 'FIVETAM', 70, 'sensibilisation,Transformation des fruits, textile (coupe et couture), vannerie, Aviculture, patisserie, charcuterie', 360, 1, '', 0, ''),
(185, 'FIVEMPIFA', 60, 'sensibilisation,Transformation des fruits, textile (coupe et couture), vannerie, Aviculture, patisserie, charcuterie', 360, 1, '', 0, ''),
(186, 'Fikambanana Vehivavy Cité Ceimad Scama', 50, 'sensibilisation,Transformation des fruits, textile (coupe et couture), vannerie, Aviculture, patisserie, charcuterie', 360, 1, '', 0, ''),
(187, 'FICONORD', 80, 'sensibilisation,Transformation des fruits, textile (coupe et couture), vannerie, Aviculture, patisserie, charcuterie', 360, 1, '', 0, ''),
(188, 'FIZAI (Fikambanan’Anjoaty Iharagna)', 110, 'sensibilisation,Transformation des fruits, textile (coupe et couture), vannerie, Aviculture, patisserie, charcuterie', 360, 1, '', 0, ''),
(189, 'FIVEA2 (Vehivavy Avenir Avotra)', 45, 'sensibilisation,Transformation des fruits, textile (coupe et couture), vannerie, Aviculture, patisserie, charcuterie', 360, 1, '', 0, ''),
(190, 'FIVEMIA (Justine Tsaralamba)', 50, 'sensibilisation,Transformation des fruits, textile (coupe et couture), vannerie, Aviculture, patisserie, charcuterie', 360, 1, '', 0, ''),
(191, 'Vehivavy Mitambatra Cité Ouvrier', 100, 'sensibilisation,Transformation des fruits, textile (coupe et couture), vannerie, Aviculture, patisserie, charcuterie', 360, 1, '', 0, ''),
(192, 'Femme Pêche et Froid', 150, 'sensibilisation,Transformation des fruits, textile (coupe et couture), vannerie, Aviculture, patisserie, charcuterie', 360, 1, '', 0, ''),
(193, 'SYMPIBA', 1500, 'sensibilisation,Transformation des fruits, textile (coupe et couture), vannerie, Aviculture, patisserie, charcuterie', 360, 1, '', 0, ''),
(194, 'MIFEM', 400, 'sensibilisation,Transformation des fruits, textile (coupe et couture), vannerie, Aviculture, patisserie, charcuterie', 360, 1, '', 0, ''),
(195, 'FVM (Fikambanan’ny Vehiv avy Miray Tanambao V)', 50, 'sensibilisation,Transformation des fruits, textile (coupe et couture), vannerie, Aviculture, patisserie, charcuterie', 360, 1, '', 0, ''),
(196, 'Vehivavy Tanambao III Pavet', 25, 'sensibilisation,Transformation des fruits, textile (coupe et couture), vannerie, Aviculture, patisserie, charcuterie', 360, 1, '', 0, ''),
(197, 'FITEA (Fikambana Teraka Andoharano 321)', 100, 'sensibilisation,Transformation des fruits, textile (coupe et couture), vannerie, Aviculture, patisserie, charcuterie', 360, 1, '', 0, ''),
(198, 'FISEMA', 20, 'sensibilisation,Transformation des fruits, textile (coupe et couture), vannerie, Aviculture, patisserie, charcuterie', 360, 1, '', 0, ''),
(199, 'FIAMA', 60, 'sensibilisation,Transformation des fruits, textile (coupe et couture), vannerie, Aviculture, patisserie, charcuterie', 360, 1, '', 0, ''),
(200, 'Teratany Antalaha', 60, 'sensibilisation,Transformation des fruits, textile (coupe et couture), vannerie, Aviculture, patisserie, charcuterie', 360, 1, '', 0, ''),
(201, 'FITAMA', 300, 'sensibilisation,Transformation des fruits, textile (coupe et couture), vannerie, Aviculture, patisserie, charcuterie', 360, 1, '', 0, ''),
(202, 'FIFIMA', 62, 'sensibilisation,Transformation des fruits, textile (coupe et couture), vannerie, Aviculture, patisserie, charcuterie', 360, 1, '', 0, ''),
(203, 'FVVC (Fikambanan’ny Vehivavy VONONA Cité Ouvrière', 63, 'sensibilisation,Transformation des fruits, textile (coupe et couture), vannerie, Aviculture, patisserie, charcuterie', 360, 1, '', 0, ''),
(204, 'FIVAZA', 130, 'sensibilisation,Transformation des fruits, textile (coupe et couture), vannerie, Aviculture, patisserie, charcuterie', 360, 1, '', 0, ''),
(205, 'Association des Femme ISA', 90, 'sensibilisation,Transformation des fruits, textile (coupe et couture), vannerie, Aviculture, patisserie, charcuterie', 360, 1, '', 0, ''),
(206, 'Association des Femmes Dynamiques Valery Players', 56, 'sensibilisation,Transformation des fruits, textile (coupe et couture), vannerie, Aviculture, patisserie, charcuterie', 360, 1, '', 0, ''),
(207, 'FTVA', 100, 'sensibilisation,Transformation des fruits, textile (coupe et couture), vannerie, Aviculture, patisserie, charcuterie', 360, 1, '', 0, ''),
(208, 'A.S. HIYANOJA', 20, 'sensibilisation,Transformation des fruits, textile (coupe et couture), vannerie, Aviculture, patisserie, charcuterie', 360, 1, '', 0, ''),
(209, 'Firaisankina no Hery', 80, 'sensibilisation,Transformation des fruits, textile (coupe et couture), vannerie, Aviculture, patisserie, charcuterie', 360, 1, '', 0, ''),
(210, 'AMBOFOLOSY', 0, 'sensibilisation,Transformation des fruits, textile (coupe et couture), vannerie, Aviculture, patisserie, charcuterie', 360, 1, '', 0, ''),
(211, 'Vehivavy Soafeno', 30, 'sensibilisation,Transformation des fruits, textile (coupe et couture), vannerie, Aviculture, patisserie, charcuterie', 360, 1, '', 0, ''),
(212, 'FIZAMI (Fikambanan’ny Zanaka Andapa Miray)', 50, 'sensibilisation,Transformation des fruits, textile (coupe et couture), vannerie, Aviculture, patisserie, charcuterie', 360, 1, '', 0, ''),
(213, 'Vehivavy Mangarivotra Secteur 4', 56, 'sensibilisation,Transformation des fruits, textile (coupe et couture), vannerie, Aviculture, patisserie, charcuterie', 360, 1, '', 0, ''),
(214, 'SAMEVA', 45, 'sensibilisation,Transformation des fruits, textile (coupe et couture), vannerie, Aviculture, patisserie, charcuterie', 360, 1, '', 0, ''),
(215, 'Fikambanam-behivavy Gran Sud Est Mahavagno', 200, 'sensibilisation,Transformation des fruits, textile (coupe et couture), vannerie, Aviculture, patisserie, charcuterie', 360, 1, '', 0, ''),
(216, 'Femme Auximad', 0, 'sensibilisation,Transformation des fruits, textile (coupe et couture), vannerie, Aviculture, patisserie, charcuterie', 360, 1, '', 0, ''),
(217, 'DALLAS', 80, 'sensibilisation,Transformation des fruits, textile (coupe et couture), vannerie, Aviculture, patisserie, charcuterie', 360, 1, '', 0, ''),
(218, 'Enseignante LTPA', 49, 'sensibilisation,Transformation des fruits, textile (coupe et couture), vannerie, Aviculture, patisserie, charcuterie', 360, 1, '', 0, ''),
(219, 'MEVA Lazaret sud Ankijabe', 60, 'sensibilisation,Transformation des fruits, textile (coupe et couture), vannerie, Aviculture, patisserie, charcuterie', 360, 1, '', 0, ''),
(220, 'FAMDS', 56, 'sensibilisation,Transformation des fruits, textile (coupe et couture), vannerie, Aviculture, patisserie, charcuterie', 360, 1, '', 0, ''),
(221, 'VEHIVAVY MIRAY CAP DIEGO', 60, 'sensibilisation,Transformation des fruits, textile (coupe et couture), vannerie, Aviculture, patisserie, charcuterie', 360, 1, '', 0, ''),
(222, 'FIZAM', 30, 'sensibilisation,Transformation des fruits, textile (coupe et couture), vannerie, Aviculture, patisserie, charcuterie', 360, 1, '', 0, ''),
(223, 'FIZABE', 40, 'sensibilisation,Transformation des fruits, textile (coupe et couture), vannerie, Aviculture, patisserie, charcuterie', 360, 1, '', 0, ''),
(224, 'MEVA AVARATRA', 60, 'sensibilisation,Transformation des fruits, textile (coupe et couture), vannerie, Aviculture, patisserie, charcuterie', 360, 1, '', 0, ''),
(225, 'FDA', 60, 'sensibilisation,Transformation des fruits, textile (coupe et couture), vannerie, Aviculture, patisserie, charcuterie', 360, 1, '', 0, ''),
(226, 'FIVETAM', 70, 'sensibilisation,Transformation des fruits, textile (coupe et couture), vannerie, Aviculture, patisserie, charcuterie', 360, 1, '', 0, ''),
(227, 'FIMASA', 50, 'sensibilisation,Transformation des fruits, textile (coupe et couture), vannerie, Aviculture, patisserie, charcuterie', 360, 1, '', 0, ''),
(228, 'ZANATANY', 80, 'sensibilisation,Transformation des fruits, textile (coupe et couture), vannerie, Aviculture, patisserie, charcuterie', 360, 1, '', 0, ''),
(229, 'AFDEA', 600, 'sensibilisation,Transformation des fruits, textile (coupe et couture), vannerie, Aviculture, patisserie, charcuterie', 360, 1, '', 0, ''),
(230, 'FIZAMA', 100, 'sensibilisation,Transformation des fruits, textile (coupe et couture), vannerie, Aviculture, patisserie, charcuterie', 360, 1, '', 0, ''),
(231, 'DIEGO Miray', 70, 'sensibilisation,Transformation des fruits, textile (coupe et couture), vannerie, Aviculture, patisserie, charcuterie', 360, 1, '', 0, ''),
(232, 'E,P VISION', 40, 'sensibilisation,Transformation des fruits, textile (coupe et couture), vannerie, Aviculture, patisserie, charcuterie', 360, 1, '', 0, ''),
(233, 'FMFT(Fikambanana ny Mpivarotra Friperie Tsimialonjafy', 150, 'sensibilisation,Transformation des fruits, textile (coupe et couture), vannerie, Aviculture, patisserie, charcuterie', 360, 1, '', 0, ''),
(234, 'AP2A', 30, 'sensibilisation,Transformation des fruits, textile (coupe et couture), vannerie, Aviculture, patisserie, charcuterie', 360, 1, '', 0, ''),
(235, 'Equipe Solide', 20, 'sensibilisation,Transformation des fruits, textile (coupe et couture), vannerie, Aviculture, patisserie, charcuterie', 360, 1, '', 0, ''),
(236, 'Vondron\'ny Tanora ho Fampandrosoana', 30, 'sensibilisation,Transformation des fruits, textile (coupe et couture), vannerie, Aviculture, patisserie, charcuterie', 360, 1, '', 0, ''),
(237, 'AFJA (Association de la Femme de Justice)', 30, 'sensibilisation,Transformation des fruits, textile (coupe et couture), vannerie, Aviculture, patisserie, charcuterie', 360, 1, '', 0, ''),
(238, 'Association des MERE CELIBATAIRE NECESSITEUSE', 50, 'sensibilisation,Transformation des fruits, textile (coupe et couture), vannerie, Aviculture, patisserie, charcuterie', 360, 1, '', 0, ''),
(239, 'FIVELAS', 120, 'sensibilisation,Transformation des fruits, textile (coupe et couture), vannerie, Aviculture, patisserie, charcuterie', 360, 1, '', 0, ''),
(240, 'TSY VERY ANAJARA', 72, 'sensibilisation,Transformation des fruits, textile (coupe et couture), vannerie, Aviculture, patisserie, charcuterie', 360, 1, '', 0, ''),
(241, 'Vondron\'ny Tanora Ifotony', 45, 'sensibilisation,Transformation des fruits, textile (coupe et couture), vannerie, Aviculture, riziculture, culture vivrière, culture maraichère, élévage', 368, 1, '', 0, ''),
(242, 'Viavy Miavotse', 120, 'sensibilisation,Transformation des fruits, textile (coupe et couture), vannerie, Aviculture, riziculture, culture vivrière, culture maraichère, élévage', 381, 1, '', 0, ''),
(243, 'Fikambanan\'ny Vehivavy Mazoto Miray (FVMM)', 50, 'sensibilisation,Transformation des fruits,riziculture, vannerie, Aviculture, riziculture, culture vivrière, culture maraichère, élévage', 372, 1, '', 0, ''),
(244, 'Fikambanan\'ny Vehivavy Miaro Tontolo Iainana Mahafatoky (VMTM)', 40, 'sensibilisation,Transformation des fruits,riziculture, vannerie, Aviculture, riziculture, culture vivrière, culture maraichère, élévage', 372, 1, '', 0, ''),
(245, 'Fikambanan\'ny Vehivavy 08 Mars BOBAKILANDY', 50, 'sensibilisation,Transformation des fruits,riziculture, vannerie, Aviculture, riziculture, culture vivrière, culture maraichère, élévage', 372, 1, '', 0, ''),
(246, 'Vehivavy \"Belle Rose\" (VBR)', 35, 'sensibilisation,Transformation des fruits,riziculture, vannerie, Aviculture, riziculture, culture vivrière, culture maraichère, élévage', 372, 1, '', 0, ''),
(247, 'Vehivavy Mikatsaka Fampandrosoana (VMF)', 35, 'sensibilisation,Transformation des fruits,riziculture, vannerie, Aviculture, riziculture, culture vivrière, culture maraichère, élévage', 372, 1, '', 0, ''),
(248, 'Vehivavy Mandroso Andrafialava(VMA)', 40, 'sensibilisation,Transformation des fruits,riziculture, vannerie, Aviculture, riziculture, culture vivrière, culture maraichère, élévage', 372, 1, '', 0, ''),
(249, 'Vehivavy Taratra Manirenja (VTM)', 50, 'sensibilisation,Transformation des fruits,riziculture, vannerie, Aviculture, riziculture, culture vivrière, culture maraichère, élévage', 372, 1, '', 0, ''),
(250, 'Fikambanan\'ny Vehivavy 08 Mars ANTSOHA', 150, 'sensibilisation,Transformation des fruits,riziculture, vannerie, Aviculture, riziculture, culture vivrière, culture maraichère, élévage', 371, 1, '', 0, ''),
(251, 'Fikambanan\'ny Vehivavy Vognono 08 Mars', 150, 'sensibilisation,Transformation des fruits,riziculture, vannerie, Aviculture, riziculture, culture vivrière, culture maraichère, élévage', 371, 1, '', 0, ''),
(252, 'Fikambanan\'ny Vehivavy Miara-Miasa', 100, 'sensibilisation,Transformation des fruits,riziculture, vannerie, Aviculture, riziculture, culture vivrière, culture maraichère, élévage', 371, 1, '', 0, ''),
(253, 'Fikambanan\'ny Vehivavy 08 Mars MANGAOKA', 80, 'sensibilisation,Transformation des fruits, textile (coupe et couture), vannerie, Aviculture, patisserie, charcuterie', 377, 1, '', 0, ''),
(254, 'vehivavy Mahavokatra ANTANAMANDRIR Y', 50, 'sensibilisation,Transformation des fruits, textile (coupe et couture), vannerie, Aviculture, patisserie, charcuterie', 377, 1, '', 0, ''),
(255, 'Vehivavy manongalaza', 70, 'sensibilisation,Transformation des fruits, textile (coupe et couture), vannerie, Aviculture, patisserie, charcuterie', 377, 1, '', 0, ''),
(256, 'Vehivavy Ambohibory manongalaza', 120, 'sensibilisation,Transformation des fruits, textile (coupe et couture), vannerie, Aviculture, patisserie, charcuterie', 377, 1, '', 0, ''),
(257, 'Vehivavy vognono', 40, 'sensibilisation,Transformation des fruits, textile (coupe et couture), vannerie, Aviculture, patisserie, charcuterie', 377, 1, '', 0, ''),
(258, 'VehivavyPARC NOSY HARA', 50, 'sensibilisation,Transformation des fruits, textile (coupe et couture), vannerie, Aviculture, patisserie, charcuterie', 377, 1, '', 0, ''),
(259, 'VEHIVAVY MIRARY NY TSARA', 50, 'sensibilisation,Transformation des fruits, textile (coupe et couture), vannerie, Aviculture, patisserie, charcuterie', 363, 1, '', 0, ''),
(260, 'VEHIVAVY 08 MARS 369', 35, 'sensibilisation,Transformation des fruits, textile (coupe et couture), vannerie, Aviculture, patisserie, charcuterie', 369, 1, '', 0, ''),
(261, 'VEHIVAVY 08 MARS MAHALEJA', 50, 'sensibilisation,Transformation des fruits, textile (coupe et couture), vannerie, Aviculture, patisserie, charcuterie', 369, 1, '', 0, ''),
(262, 'VEHIVAVYMIRAY HINA 369', 40, 'sensibilisation,Transformation des fruits, textile (coupe et couture), vannerie, Aviculture, patisserie, charcuterie', 369, 1, '', 0, ''),
(263, 'MAROVAVY MANDROSO ANKETRABE II', 50, 'sensibilisation,Transformation des fruits, textile (coupe et couture), vannerie, Aviculture, patisserie, charcuterie', 369, 1, '', 0, ''),
(264, 'VEHIVAVY SAMBATRA', 20, 'sensibilisation,Transformation des fruits, textile (coupe et couture), vannerie, Aviculture, patisserie, charcuterie', 369, 1, '', 0, ''),
(265, 'VEHIVAVY VONONA HIARA IASA', 50, 'sensibilisation,Transformation des fruits, textile (coupe et couture), vannerie, Aviculture, patisserie, charcuterie', 369, 1, '', 0, ''),
(266, 'VEHIVAVYMATOKY', 30, 'sensibilisation,Transformation des fruits, textile (coupe et couture), vannerie, Aviculture, patisserie, charcuterie', 369, 1, '', 0, ''),
(267, 'MAROVAVY MIVOATRA', 50, 'sensibilisation,Transformation des fruits, textile (coupe et couture), vannerie, Aviculture, patisserie, charcuterie', 369, 1, '', 0, ''),
(268, 'VEHIVAVY MPIASAN\'NY LASALINY', 40, 'sensibilisation,Transformation des fruits, textile (coupe et couture), vannerie, Aviculture, patisserie, charcuterie', 369, 1, '', 0, ''),
(269, 'VEHIVAVY VOGNONO', 50, 'sensibilisation,Transformation des fruits, textile (coupe et couture), vannerie, Aviculture, patisserie, charcuterie', 369, 1, '', 0, ''),
(270, 'VEHIVAVY MIARADIA', 30, 'sensibilisation,Transformation des fruits, textile (coupe et couture), vannerie, Aviculture, patisserie, charcuterie', 375, 1, '', 0, ''),
(271, 'VEHIVAVY VONONA TSY MANAVAKA', 30, 'sensibilisation,Transformation des fruits, textile (coupe et couture), vannerie, Aviculture, patisserie, charcuterie', 375, 1, '', 0, ''),
(272, 'VEHIVAVY MANONGALAZA', 30, 'sensibilisation,Transformation des fruits, textile (coupe et couture), vannerie, Aviculture, patisserie, charcuterie', 375, 1, '', 0, ''),
(273, 'VEHIVAVY MIARO NY TSIRARINY', 30, 'sensibilisation,Transformation des fruits, textile (coupe et couture), vannerie, Aviculture, patisserie, charcuterie', 375, 1, '', 0, ''),
(274, 'VEHIVAVY MIKAMBANA', 100, 'sensibilisation,Transformation des fruits,riziculture, vannerie, Aviculture, riziculture, culture vivrière, culture maraichère, élévage', 376, 1, '', 0, ''),
(275, 'VEHIVAVY TIA FANDROSOANA', 140, 'sensibilisation,Transformation des fruits,riziculture, vannerie, Aviculture, riziculture, culture vivrière, culture maraichère, élévage', 376, 1, '', 0, ''),
(276, 'VEHIVAVY VONONA', 160, 'sensibilisation,Transformation des fruits,riziculture, vannerie, Aviculture, riziculture, culture vivrière, culture maraichère, élévage', 376, 1, '', 0, ''),
(277, 'VEHIVAVY MITAKY FANDROSOANA', 120, 'sensibilisation,Transformation des fruits,riziculture, vannerie, Aviculture, riziculture, culture vivrière, culture maraichère, élévage', 376, 1, '', 0, ''),
(278, 'VEHIVAVY 08 MARS ANKARONGANA', 30, 'sensibilisation,Transformation des fruits,riziculture, vannerie, Aviculture, riziculture, culture vivrière, culture maraichère, élévage', 366, 1, '', 0, ''),
(279, 'VEHIVAVY FIVOARANA SY FANDROSOANA', 20, 'sensibilisation,Transformation des fruits,riziculture, vannerie, Aviculture, riziculture, culture vivrière, culture maraichère, élévage', 366, 1, '', 0, ''),
(280, 'VEHIVAVY MIRAY DIA', 100, 'sensibilisation,Transformation des fruits,riziculture, vannerie, Aviculture, riziculture, culture vivrière, culture maraichère, élévage', 366, 1, '', 0, ''),
(281, 'VEHIVAVY 08 MARS MANONGALAZA', 30, 'sensibilisation,Transformation des fruits,riziculture, vannerie, Aviculture, riziculture, culture vivrière, culture maraichère, élévage', 366, 1, '', 0, ''),
(282, 'VEHIVAVY VAGNONO', 20, 'sensibilisation,Transformation des fruits,riziculture, vannerie, Aviculture, riziculture, culture vivrière, culture maraichère, élévage', 366, 1, '', 0, ''),
(283, 'VEHIVAVY MIARAMIENTANA', 600, 'sensibilisation,Transformation des fruits,riziculture, vannerie, Aviculture, riziculture, culture vivrière, culture maraichère, élévage', 368, 1, '', 0, ''),
(284, 'VEHIVAVY 08 Mars ANIVORANO-NORD', 50, 'sensibilisation,Transformation des fruits,riziculture, vannerie, Aviculture, riziculture, culture vivrière, culture maraichère, élévage', 365, 1, '', 0, ''),
(285, 'VEHIVAVY MANDROSO MAHATSARA BEMIRAY', 30, 'sensibilisation,Transformation des fruits,riziculture, vannerie, Aviculture, riziculture, culture vivrière, culture maraichère, élévage', 365, 1, '', 0, ''),
(286, 'VEHIVAVY 08 Mars AMBOHIBORY', 40, 'sensibilisation,Transformation des fruits,riziculture, vannerie, Aviculture, riziculture, culture vivrière, culture maraichère, élévage', 365, 1, '', 0, ''),
(287, 'VEHIVAVY RENY', 50, 'sensibilisation,Transformation des fruits,riziculture, vannerie, Aviculture, riziculture, culture vivrière, culture maraichère, élévage', 365, 1, '', 0, ''),
(288, 'VEHIVAVY TSARAMANDROSO', 40, 'sensibilisation,Transformation des fruits,riziculture, vannerie, Aviculture, riziculture, culture vivrière, culture maraichère, élévage', 365, 1, '', 0, ''),
(289, 'VEHIVAVY 08 MARS SAKARAMY', 150, 'sensibilisation,Transformation des fruits,riziculture, vannerie, Aviculture, riziculture, culture vivrière, culture maraichère, élévage', 381, 1, '', 0, ''),
(290, 'VEHIVAVY MIRAY', 30, 'sensibilisation,Transformation des fruits,riziculture, vannerie, Aviculture, riziculture, culture vivrière, culture maraichère, élévage', 381, 1, '', 0, ''),
(291, 'Fikambanan\'ny Reny tia Fandrosoana', 30, 'sensibilisation,Transformation des fruits,riziculture, vannerie, Aviculture, riziculture, culture vivrière, culture maraichère, élévage', 381, 1, '', 0, ''),
(292, 'Fikambanan\'ny Reny Miray Hina', 30, 'sensibilisation,Transformation des fruits,riziculture, vannerie, Aviculture, riziculture, culture vivrière, culture maraichère, élévage', 381, 1, '', 0, ''),
(293, 'Ampela VONONA', 30, 'sensibilisation,Transformation des fruits,riziculture, vannerie, Aviculture, riziculture, culture vivrière, culture maraichère, élévage', 381, 1, '', 0, ''),
(294, 'VIAVY VONONA', 30, 'sensibilisation,Transformation des fruits,riziculture, vannerie, Aviculture, riziculture, culture vivrière, culture maraichère, élévage', 381, 1, '', 0, ''),
(295, 'Fikambanan\'ny Vehivavy Vonona', 30, 'sensibilisation,Transformation des fruits,riziculture, vannerie, Aviculture, riziculture, culture vivrière, culture maraichère, élévage', 362, 1, '', 0, ''),
(296, 'Fikambanan\'ny Vehivavy Miray', 30, 'sensibilisation,Transformation des fruits,riziculture, vannerie, Aviculture, riziculture, culture vivrière, culture maraichère, élévage', 362, 1, '', 0, ''),
(297, 'Fikambanan\'ny Vehivavy Mitambatra', 30, 'sensibilisation,Transformation des fruits,riziculture, vannerie, Aviculture, riziculture, culture vivrière, culture maraichère, élévage', 362, 1, '', 0, ''),
(298, 'Fikambanan\'ny Vehivavy Mahasoa', 30, 'sensibilisation,Transformation des fruits,riziculture, vannerie, Aviculture, riziculture, culture vivrière, culture maraichère, élévage', 362, 1, '', 0, ''),
(299, 'Fikambanan\'ny Vehivavy Miaradia', 30, 'sensibilisation,Transformation des fruits,riziculture, vannerie, Aviculture, riziculture, culture vivrière, culture maraichère, élévage', 362, 1, '', 0, ''),
(300, 'Fikambanan\'ny Vehivavy Masomagniry', 30, 'sensibilisation,Transformation des fruits,riziculture, vannerie, Aviculture, riziculture, culture vivrière, culture maraichère, élévage', 362, 1, '', 0, ''),
(301, 'Fikambanan\'nyVahivavy Mifankatia', 30, 'sensibilisation,Transformation des fruits,riziculture, vannerie, Aviculture, riziculture, culture vivrière, culture maraichère, élévage', 362, 1, '', 0, ''),
(302, 'Fikambanan\'ny Vehivavy ANTSALAKA CENTRE', 50, 'sensibilisation,Transformation des fruits,riziculture, vannerie, Aviculture, riziculture, culture vivrière, culture maraichère, élévage', 370, 1, '', 0, ''),
(303, 'Fikambanan\'ny Vehivavy ANTSALAKA MORAFENO', 30, 'sensibilisation,Transformation des fruits,riziculture, vannerie, Aviculture, riziculture, culture vivrière, culture maraichère, élévage', 370, 1, '', 0, ''),
(304, 'Fikambanan\'ny Vehivavy ANTANETY MARO', 30, 'sensibilisation,Transformation des fruits,riziculture, vannerie, Aviculture, riziculture, culture vivrière, culture maraichère, élévage', 370, 1, '', 0, ''),
(305, 'VEHIVAVY MANDROSO', 100, 'sensibilisation,Transformation des fruits,riziculture, vannerie, Aviculture, riziculture, culture vivrière, culture maraichère, élévage', 379, 1, '', 0, ''),
(306, 'VEHIVAVY 08 MARS RAMENA', 200, 'sensibilisation,Transformation des fruits,riziculture, vannerie, Aviculture, riziculture, culture vivrière, culture maraichère, élévage', 379, 1, '', 0, ''),
(307, 'VEHIVAVY MIARA DIA', 100, 'sensibilisation,Transformation des fruits,riziculture, vannerie, Aviculture, riziculture, culture vivrière, culture maraichère, élévage', 378, 1, '', 0, ''),
(308, 'VEHIVAVY 08 MARS ANDRANOVONDRONINA', 50, 'sensibilisation,Transformation des fruits,riziculture, vannerie, Aviculture, riziculture, culture vivrière, culture maraichère, élévage', 364, 1, '', 0, ''),
(309, 'VEHIVAVY MIRAY HINA', 30, 'sensibilisation,Transformation des fruits,riziculture, vannerie, Aviculture, riziculture, culture vivrière, culture maraichère, élévage', 364, 1, '', 0, ''),
(310, 'VEHIVAVY MAHATSARA', 30, 'sensibilisation,Transformation des fruits,riziculture, vannerie, Aviculture, riziculture, culture vivrière, culture maraichère, élévage', 364, 1, '', 0, ''),
(311, 'VEHIVAVY MANDROSO', 30, 'sensibilisation,Transformation des fruits,riziculture, vannerie, Aviculture, riziculture, culture vivrière, culture maraichère, élévage', 364, 1, '', 0, ''),
(312, 'FI VE MPI SA', 120, 'sensibilisation,Transformation des fruits,riziculture, vannerie, Aviculture, riziculture, culture vivrière, culture maraichère, élévage', 380, 1, '', 0, ''),
(313, 'VEHIVAVY 08 MARS AMBODIVAHIBE', 150, 'sensibilisation,Transformation des fruits,riziculture, vannerie, Aviculture, riziculture, culture vivrière, culture maraichère, élévage', 367, 1, '', 0, ''),
(314, 'VEHIVAVY 08 MARS JOFFRE VILLE', 180, 'sensibilisation,Transformation des fruits,riziculture, vannerie, Aviculture, riziculture, culture vivrière, culture maraichère, élévage', 374, 1, '', 0, '');
INSERT INTO `association` (`id`, `nom`, `membre`, `activite`, `commune_id`, `type_association_id`, `nom_president`, `nif_stat`, `numero_recepisse`) VALUES
(315, 'VEHIVAVY 08 MARS ANDRANOFANJAVA', 70, 'sensibilisation,Transformation des fruits,riziculture, vannerie, Aviculture, riziculture, culture vivrière, culture maraichère, élévage', 363, 1, '', 0, ''),
(316, 'VEHIVAVY 08 MARS AMBONDRONA', 50, 'sensibilisation,Transformation des fruits,riziculture, vannerie, Aviculture, riziculture, culture vivrière, culture maraichère, élévage', 361, 1, '', 0, ''),
(317, 'VEHIVAVY 08 MARS AMBOLOBOZOBE', 150, 'sensibilisation,Transformation des fruits,riziculture, vannerie, Aviculture, riziculture, culture vivrière, culture maraichère, élévage', 383, 1, '', 0, ''),
(318, 'Fikambanan\'ny Vehivavy Miray', 0, 'sensibilisation,Transformation des fruits,riziculture, vannerie, Aviculture, riziculture, culture vivrière, culture maraichère, élévage', 377, 1, '', 0, ''),
(319, 'Vehivavy Mandroso Sambatra', 0, 'sensibilisation,Transformation des fruits,riziculture, vannerie, Aviculture, riziculture, culture vivrière, culture maraichère, élévage', 377, 1, '', 0, ''),
(320, 'Fikambanana Vehivavy TSIKIVY Mitady Fandrosoana', 0, 'sensibilisation,Transformation des fruits,riziculture, vannerie, Aviculture, riziculture, culture vivrière, culture maraichère, élévage', 377, 1, '', 0, ''),
(321, 'FI BEHIVAVY', 0, 'sensibilisation,Transformation des fruits,riziculture, vannerie, Aviculture, riziculture, culture vivrière, culture maraichère, élévage', 377, 1, '', 0, ''),
(322, 'FIVATSI', 0, 'sensibilisation,Transformation des fruits,riziculture, vannerie, Aviculture, riziculture, culture vivrière, culture maraichère, élévage', 377, 1, '', 0, ''),
(323, 'Fikambanam-behivavy SOAVITA', 0, 'sensibilisation,Transformation des fruits,riziculture, vannerie, Aviculture, riziculture, culture vivrière, culture maraichère, élévage', 377, 1, '', 0, ''),
(324, 'FIKAMBANAN4NY VEHIVAVY Manongalaza', 0, 'sensibilisation,Transformation des fruits,riziculture, vannerie, Aviculture, riziculture, culture vivrière, culture maraichère, élévage', 377, 1, '', 0, ''),
(325, 'FIVEPANOA', 0, 'sensibilisation,Transformation des fruits,riziculture, vannerie, Aviculture, riziculture, culture vivrière, culture maraichère, élévage', 377, 1, '', 0, ''),
(326, 'FIKAMBANAM-BEHIVAVY MAMIRATRA', 0, 'sensibilisation,Transformation des fruits,riziculture, vannerie, Aviculture, riziculture, culture vivrière, culture maraichère, élévage', 377, 1, '', 0, ''),
(327, 'FIKAMBANAM-BEHIVAVY PARC NOSY HARA', 0, 'sensibilisation,Transformation des fruits,riziculture, vannerie, Aviculture, riziculture, culture vivrière, culture maraichère, élévage', 377, 1, '', 0, ''),
(328, 'FIVEMIMA', 0, 'sensibilisation,Transformation des fruits,riziculture, vannerie, Aviculture, riziculture, culture vivrière, culture maraichère, élévage', 377, 1, '', 0, ''),
(329, 'FIKAMBANANA VOGNONO', 0, 'sensibilisation,Transformation des fruits,riziculture, vannerie, Aviculture, riziculture, culture vivrière, culture maraichère, élévage', 377, 1, '', 0, ''),
(330, 'VEHIVAVY MANDROSO', 0, 'sensibilisation,Transformation des fruits,riziculture, vannerie, Aviculture, riziculture, culture vivrière, culture maraichère, élévage', 377, 1, '', 0, ''),
(331, 'Viavy Miavotse', 100, 'sensibilisation,Transformation des fruits, textile (coupe et couture), vannerie, Aviculture, patisserie, charcuterie, culture maraichère', 346, 1, '', 0, ''),
(332, 'FIVAPOVA(Fikamabanan’ny Vadin’ny Polisy)', 50, 'sensibilisation,Transformation des fruits, textile (coupe et couture), vannerie, Aviculture, patisserie, charcuterie, culture maraichère', 346, 1, '', 0, ''),
(333, 'FIZADA(Fikambanan’ny Zanaka Doany AMBILOBE)', 50, 'sensibilisation,Transformation des fruits, textile (coupe et couture), vannerie, Aviculture, patisserie, charcuterie, culture maraichère', 346, 1, '', 0, ''),
(334, 'SOVEDIS(Sosialin’ny Vehivavin’ny DIStrict)', 50, 'sensibilisation,Transformation des fruits, textile (coupe et couture), vannerie, Aviculture, patisserie, charcuterie, culture maraichère', 346, 1, '', 0, ''),
(335, 'FTMT(Fikambanan’ny Teraka Mahajanga Tsimialonjafy', 50, 'sensibilisation,Transformation des fruits, textile (coupe et couture), vannerie, Aviculture, patisserie, charcuterie, culture maraichère', 346, 1, '', 0, ''),
(336, 'Liam-pivoarana', 150, 'sensibilisation,Transformation des fruits, textile (coupe et couture), vannerie, Aviculture, patisserie, charcuterie, culture maraichère', 346, 1, '', 0, ''),
(337, 'Mihavana Mifankatia', 50, 'sensibilisation,Transformation des fruits, textile (coupe et couture), vannerie, Aviculture, patisserie, charcuterie, culture maraichère', 346, 1, '', 0, ''),
(338, 'Vehivavy Betsileo', 50, 'sensibilisation,Transformation des fruits, textile (coupe et couture), vannerie, Aviculture, patisserie, charcuterie, culture maraichère', 346, 1, '', 0, ''),
(339, 'Mandroso sengaloko', 50, 'sensibilisation,Transformation des fruits, textile (coupe et couture), vannerie, Aviculture, patisserie, charcuterie, culture maraichère', 346, 1, '', 0, ''),
(340, 'Iombonana Tsaratanana I', 50, 'sensibilisation,Transformation des fruits, textile (coupe et couture), vannerie, Aviculture, patisserie, charcuterie, culture maraichère', 346, 1, '', 0, ''),
(341, 'Tia Fandrosoana Tsaratanana I', 50, 'sensibilisation,Transformation des fruits, textile (coupe et couture), vannerie, Aviculture, patisserie, charcuterie, culture maraichère', 346, 1, '', 0, ''),
(342, 'Vehivavy Miray', 50, 'sensibilisation,Transformation des fruits, textile (coupe et couture), vannerie, Aviculture, patisserie, charcuterie, culture maraichère', 346, 1, '', 0, ''),
(343, 'Vehivavy Miaradia ANTSOHA', 50, 'sensibilisation,Transformation des fruits, textile (coupe et couture), vannerie, Aviculture, patisserie, charcuterie, culture maraichère', 346, 1, '', 0, ''),
(344, 'Vehivavy Analamanga', 50, 'sensibilisation,Transformation des fruits, textile (coupe et couture), vannerie, Aviculture, patisserie, charcuterie, culture maraichère', 346, 1, '', 0, ''),
(345, 'Mifem Anoronala', 50, 'sensibilisation,Transformation des fruits, textile (coupe et couture), vannerie, Aviculture, patisserie, charcuterie, culture maraichère', 346, 1, '', 0, ''),
(346, 'Vehivavy Mitambatra Matsaborikilandy', 50, 'sensibilisation,Transformation des fruits, textile (coupe et couture), vannerie, Aviculture, patisserie, charcuterie, culture maraichère', 346, 1, '', 0, ''),
(347, 'Voromahery', 50, 'sensibilisation,Transformation des fruits, textile (coupe et couture), vannerie, Aviculture, patisserie, charcuterie, culture maraichère', 346, 1, '', 0, ''),
(348, 'Tsarahofana', 50, 'sensibilisation,Transformation des fruits, textile (coupe et couture), vannerie, Aviculture, patisserie, charcuterie, culture maraichère', 346, 1, '', 0, ''),
(349, 'Femmes Enseignantes', 50, 'sensibilisation,Transformation des fruits, textile (coupe et couture), vannerie, Aviculture, patisserie, charcuterie, culture maraichère', 346, 1, '', 0, ''),
(350, '', 50, 'sensibilisation,Transformation des fruits, textile (coupe et couture), vannerie, Aviculture, patisserie, charcuterie, culture maraichère', 346, 1, '', 0, ''),
(351, 'Fikambanan’ny Vehivavy Grand Sud Est', 50, 'sensibilisation,Transformation des fruits, textile (coupe et couture), vannerie, Aviculture, patisserie, charcuterie, culture maraichère', 346, 1, '', 0, ''),
(352, '', 50, 'sensibilisation,Transformation des fruits, textile (coupe et couture), vannerie, Aviculture, patisserie, charcuterie, culture maraichère', 346, 1, '', 0, ''),
(353, 'Sevan’I Laidama', 50, 'sensibilisation,Transformation des fruits, textile (coupe et couture), vannerie, Aviculture, patisserie, charcuterie, culture maraichère', 346, 1, '', 0, ''),
(354, 'Tsara Mifandray', 50, 'sensibilisation,Transformation des fruits, textile (coupe et couture), vannerie, Aviculture, patisserie, charcuterie, culture maraichère', 346, 1, '', 0, ''),
(355, 'Tsy Magnavaka', 50, 'sensibilisation,Transformation des fruits, textile (coupe et couture), vannerie, Aviculture, patisserie, charcuterie, culture maraichère', 346, 1, '', 0, ''),
(356, 'Vehivavy Mahery sengaloko', 50, 'sensibilisation,Transformation des fruits, textile (coupe et couture), vannerie, Aviculture, patisserie, charcuterie, culture maraichère', 346, 1, '', 0, ''),
(357, 'Vehivavy Mahatoky Sengaloko', 50, 'sensibilisation,Transformation des fruits, textile (coupe et couture), vannerie, Aviculture, patisserie, charcuterie, culture maraichère', 346, 1, '', 0, ''),
(358, 'Tsaradia Anoronala', 50, 'sensibilisation,Transformation des fruits, textile (coupe et couture), vannerie, Aviculture, patisserie, charcuterie, culture maraichère', 346, 1, '', 0, ''),
(359, 'Belle rose', 50, 'sensibilisation,Transformation des fruits, textile (coupe et couture), vannerie, Aviculture, patisserie, charcuterie, culture maraichère', 346, 1, '', 0, ''),
(360, 'Miaradia Sengaloko', 50, 'sensibilisation,Transformation des fruits, textile (coupe et couture), vannerie, Aviculture, patisserie, charcuterie, culture maraichère', 346, 1, '', 0, ''),
(361, 'Vehivavy Merina', 50, 'sensibilisation,Transformation des fruits, textile (coupe et couture), vannerie, Aviculture, patisserie, charcuterie, culture maraichère', 346, 1, '', 0, ''),
(362, 'Vehivavy Tsiresy Sengaloko', 50, 'sensibilisation,Transformation des fruits, textile (coupe et couture), vannerie, Aviculture, patisserie, charcuterie, culture maraichère', 346, 1, '', 0, ''),
(363, 'Tsaralaza Ambodimahabibo', 50, 'sensibilisation,Transformation des fruits, textile (coupe et couture), vannerie, Aviculture, patisserie, charcuterie, culture maraichère', 346, 1, '', 0, ''),
(364, 'FITESAVA(Fikambanan’ny Teraka SAVA)', 50, 'sensibilisation,Transformation des fruits, textile (coupe et couture), vannerie, Aviculture, patisserie, charcuterie, culture maraichère', 346, 1, '', 0, ''),
(365, 'Tsaradia Antanamariazy', 50, 'sensibilisation,Transformation des fruits, textile (coupe et couture), vannerie, Aviculture, patisserie, charcuterie, culture maraichère', 346, 1, '', 0, ''),
(366, 'Miray Hina Tsararivotra', 50, 'sensibilisation,Transformation des fruits, textile (coupe et couture), vannerie, Aviculture, patisserie, charcuterie, culture maraichère', 346, 1, '', 0, ''),
(367, 'FIVAZA (Fikambanan’ny Vadin’ny Zandary)', 50, 'sensibilisation,Transformation des fruits, textile (coupe et couture), vannerie, Aviculture, patisserie, charcuterie, culture maraichère', 346, 1, '', 0, ''),
(368, 'FIVEMI (Fikambanan’ny Vehivavy Miray hina)', 50, 'sensibilisation,Transformation des fruits, textile (coupe et couture), vannerie, Aviculture, patisserie, charcuterie, culture maraichère', 346, 1, '', 0, ''),
(369, 'Vognono', 50, 'sensibilisation,Transformation des fruits, textile (coupe et couture), vannerie, Aviculture, patisserie, charcuterie, culture maraichère', 346, 1, '', 0, ''),
(370, 'FIVEMITIA(Fikambanan’ny Vehivavy Miaro ny Tontolo Iainana)', 50, 'sensibilisation,Transformation des fruits, textile (coupe et couture), vannerie, Aviculture, patisserie, charcuterie, culture maraichère', 346, 1, '', 0, ''),
(371, 'FIVEAMA(Fikamabanan’ny Vehivavy Ankarana Mahamasina)', 50, 'sensibilisation,Transformation des fruits, textile (coupe et couture), vannerie, Aviculture, patisserie, charcuterie, culture maraichère', 346, 1, '', 0, ''),
(372, 'Mamiloma Mantaly', 50, 'sensibilisation,Transformation des fruits, textile (coupe et couture), vannerie, Aviculture, patisserie, charcuterie, culture maraichère', 356, 1, '', 0, ''),
(373, 'Tsimanavaka Mantaly', 50, 'sensibilisation,Transformation des fruits, textile (coupe et couture), vannerie, Aviculture, patisserie, charcuterie, culture maraichère', 351, 1, '', 0, ''),
(374, 'Fikambanan’ny Vehivavy Miray Antsaravibe (FIVEMIA)', 50, 'sensibilisation,Transformation des fruits, textile (coupe et couture), vannerie, Aviculture, patisserie, charcuterie, culture maraichère', 346, 1, '', 0, ''),
(375, 'Association des femmes Dynamiques(AFDA)', 50, 'sensibilisation,Transformation des fruits, textile (coupe et couture), vannerie, Aviculture, patisserie, charcuterie, culture maraichère', 346, 1, '', 0, ''),
(376, 'Iray Aina Anoronala', 50, 'sensibilisation,Transformation des fruits, textile (coupe et couture), vannerie, Aviculture, patisserie, charcuterie, culture maraichère', 346, 1, '', 0, ''),
(377, 'Tsaralaza Anoronala', 50, 'sensibilisation,Transformation des fruits, textile (coupe et couture), vannerie, Aviculture, patisserie, charcuterie, culture maraichère', 346, 1, '', 0, ''),
(378, 'Vehivavy Mandroso Antsatrambalo', 50, 'sensibilisation,Transformation des fruits, textile (coupe et couture), vannerie, Aviculture, patisserie, charcuterie, culture maraichère', 346, 1, '', 0, ''),
(379, 'Tsarahofana Ambalamahatsinjo', 50, 'sensibilisation,Transformation des fruits, textile (coupe et couture), vannerie, Aviculture, patisserie, charcuterie, culture maraichère', 346, 1, '', 0, ''),
(380, 'Mahavelogno Ampanakana', 50, 'sensibilisation,Transformation des fruits, textile (coupe et couture), vannerie, Aviculture, patisserie, charcuterie, culture maraichère', 356, 1, '', 0, ''),
(381, 'Femmes Leaders', 50, 'sensibilisation,Transformation des fruits, textile (coupe et couture), vannerie, Aviculture, patisserie, charcuterie, culture maraichère', 346, 1, '', 0, ''),
(382, 'Femmes 08 Mars', 50, 'sensibilisation,Transformation des fruits, textile (coupe et couture), vannerie, Aviculture, patisserie, charcuterie, culture maraichère', 346, 1, '', 0, ''),
(383, 'Tsimialonjafy Antanamariazy', 50, 'sensibilisation,Transformation des fruits, textile (coupe et couture), vannerie, Aviculture, patisserie, charcuterie, culture maraichère', 346, 1, '', 0, ''),
(384, 'Vehivavy Mitambatra Matsaborikilandy', 50, 'sensibilisation,Transformation des fruits, textile (coupe et couture), vannerie, Aviculture, patisserie, charcuterie, culture maraichère', 346, 1, '', 0, ''),
(385, 'Vehivavy Vohemar', 50, 'sensibilisation,Transformation des fruits, textile (coupe et couture), vannerie, Aviculture, patisserie, charcuterie, culture maraichère', 346, 1, '', 0, ''),
(386, 'VOGNONO Ampondralava', 50, 'sensibilisation,Transformation des fruits, textile (coupe et couture), vannerie, Aviculture, patisserie, charcuterie, culture maraichère', 346, 1, '', 0, ''),
(387, 'Tsarajoro Ampondralava', 50, 'sensibilisation,Transformation des fruits, textile (coupe et couture), vannerie, Aviculture, patisserie, charcuterie, culture maraichère', 346, 1, '', 0, ''),
(388, 'Zanatany Tsiresy Ampondralava', 50, 'sensibilisation,Transformation des fruits, textile (coupe et couture), vannerie, Aviculture, patisserie, charcuterie, culture maraichère', 346, 1, '', 0, ''),
(389, 'Mahadera Ampondralava', 50, 'sensibilisation,Transformation des fruits, textile (coupe et couture), vannerie, Aviculture, patisserie, charcuterie, culture maraichère', 346, 1, '', 0, ''),
(390, 'Sambomena Bekolahy', 50, 'sensibilisation,Transformation des fruits, textile (coupe et couture), vannerie, Aviculture, patisserie, charcuterie, culture maraichère', 348, 1, '', 0, ''),
(391, 'Tsimanavadrazana Bekolahy', 50, 'sensibilisation,Transformation des fruits, textile (coupe et couture), vannerie, Aviculture, patisserie, charcuterie, culture maraichère', 346, 1, '', 0, ''),
(392, 'Mifankatia', 50, 'sensibilisation,Transformation des fruits, textile (coupe et couture), vannerie, Aviculture, patisserie, charcuterie, culture maraichère', 348, 1, '', 0, ''),
(393, 'Manongalaza', 50, 'sensibilisation,Transformation des fruits, textile (coupe et couture), vannerie, Aviculture, patisserie, charcuterie, culture maraichère', 348, 1, '', 0, ''),
(394, 'Fitia', 50, 'sensibilisation,Transformation des fruits, textile (coupe et couture), vannerie, Aviculture, patisserie, charcuterie, culture maraichère', 348, 1, '', 0, ''),
(395, 'Voromahery', 50, 'sensibilisation,Transformation des fruits, textile (coupe et couture), vannerie, Aviculture, patisserie, charcuterie, culture maraichère', 348, 1, '', 0, ''),
(396, 'Zanak’ifasy mandroso', 50, 'sensibilisation,Transformation des fruits, textile (coupe et couture), vannerie, Aviculture, patisserie, charcuterie, culture maraichère', 346, 1, '', 0, ''),
(397, 'Ravinala Anaborano', 50, 'sensibilisation,Transformation des fruits, textile (coupe et couture), vannerie, Aviculture, patisserie, charcuterie, culture maraichère', 346, 1, '', 0, ''),
(398, 'Tsarajoro Andimaka', 50, 'sensibilisation,Transformation des fruits, textile (coupe et couture), vannerie, Aviculture, patisserie, charcuterie, culture maraichère', 346, 1, '', 0, ''),
(399, 'Miraihina Androitsy', 50, 'sensibilisation,Transformation des fruits, textile (coupe et couture), vannerie, Aviculture, patisserie, charcuterie, culture maraichère', 346, 1, '', 0, ''),
(400, 'Vehivavy Zanak’Androy Toliara Sirama', 45, 'sensibilisation,Transformation des fruits, textile (coupe et couture), vannerie, Aviculture, patisserie, charcuterie, culture maraichère', 346, 1, '', 0, ''),
(401, 'Vehivavy Miray Pilakibe', 30, 'sensibilisation,Transformation des fruits, textile (coupe et couture), vannerie, Aviculture, patisserie, charcuterie, culture maraichère', 359, 1, '', 0, ''),
(402, 'Vehivavy tsy manavaka Matsaborilalio', 30, 'sensibilisation,Transformation des fruits, textile (coupe et couture), vannerie, Aviculture, patisserie, charcuterie, culture maraichère', 359, 1, '', 0, ''),
(403, 'Vehivavy Magneva Sirama', 30, 'sensibilisation,Transformation des fruits, textile (coupe et couture), vannerie, Aviculture, patisserie, charcuterie, culture maraichère', 346, 1, '', 0, ''),
(404, 'Vehivavy 08 Mars Sirama', 30, 'sensibilisation,Transformation des fruits, textile (coupe et couture), vannerie, Aviculture, patisserie, charcuterie, culture maraichère', 346, 1, '', 0, ''),
(405, 'Vehivavy Tsy manavaka Sirama', 30, 'sensibilisation,Transformation des fruits, textile (coupe et couture), vannerie, Aviculture, patisserie, charcuterie, culture maraichère', 346, 1, '', 0, ''),
(406, 'Vehivavy Tsimialonjafy Sirama', 30, 'sensibilisation,Transformation des fruits, textile (coupe et couture), vannerie, Aviculture, patisserie, charcuterie, culture maraichère', 346, 1, '', 0, ''),
(407, 'Belle Rose Sirama', 30, 'sensibilisation,Transformation des fruits, textile (coupe et couture), vannerie, Aviculture, patisserie, charcuterie, culture maraichère', 346, 1, '', 0, ''),
(408, 'Dynamique 353', 30, 'sensibilisation,Transformation des fruits, textile (coupe et couture), vannerie, Aviculture, patisserie, charcuterie, culture maraichère', 353, 1, '', 0, ''),
(409, 'Mitsinjo ny Ho Avy', 30, 'sensibilisation,Transformation des fruits, textile (coupe et couture), vannerie, Aviculture, patisserie, charcuterie, culture maraichère', 353, 1, '', 0, ''),
(410, 'Tsara Mifankatia', 30, 'sensibilisation,Transformation des fruits, textile (coupe et couture), vannerie, Aviculture, patisserie, charcuterie, culture maraichère', 353, 1, '', 0, ''),
(411, 'Tanora Hery', 30, 'sensibilisation,Transformation des fruits, textile (coupe et couture), vannerie, Aviculture, patisserie, charcuterie, culture maraichère', 353, 1, '', 0, ''),
(412, 'Miray Hina', 30, 'sensibilisation,Transformation des fruits, textile (coupe et couture), vannerie, Aviculture, patisserie, charcuterie, culture maraichère', 353, 1, '', 0, ''),
(413, 'VEMA(Vehivavy Mandroso)', 30, 'sensibilisation,Transformation des fruits, textile (coupe et couture), vannerie, Aviculture, patisserie, charcuterie, culture maraichère', 353, 1, '', 0, ''),
(414, 'Mahita Hevitra', 30, 'sensibilisation,Transformation des fruits, textile (coupe et couture), vannerie, Aviculture, patisserie, charcuterie, culture maraichère', 353, 1, '', 0, ''),
(415, 'Mandroso', 30, 'sensibilisation,Transformation des fruits, textile (coupe et couture), vannerie, Aviculture, patisserie, charcuterie, culture maraichère', 353, 1, '', 0, ''),
(416, 'Mamabe', 30, 'sensibilisation,Transformation des fruits, textile (coupe et couture), vannerie, Aviculture, patisserie, charcuterie, culture maraichère', 353, 1, '', 0, ''),
(417, 'Mpilaravinahitra', 30, 'sensibilisation,Transformation des fruits, textile (coupe et couture), vannerie, Aviculture, patisserie, charcuterie, culture maraichère', 353, 1, '', 0, ''),
(418, 'Mandroso Ankorera', 30, 'sensibilisation,Transformation des fruits, textile (coupe et couture), vannerie, Aviculture, patisserie, charcuterie, culture maraichère', 353, 1, '', 0, ''),
(419, 'Fitesava Ankazomborona', 30, 'sensibilisation,Transformation des fruits, textile (coupe et couture), vannerie, Aviculture, patisserie, charcuterie, culture maraichère', 353, 1, '', 0, ''),
(420, 'Tsimagnavaka Ankazomborona', 30, 'sensibilisation,Transformation des fruits, textile (coupe et couture), vannerie, Aviculture, patisserie, charcuterie, culture maraichère', 353, 1, '', 0, ''),
(421, 'Mamahely', 30, 'sensibilisation,Transformation des fruits, textile (coupe et couture), vannerie, Aviculture, patisserie, charcuterie, culture maraichère', 353, 1, '', 0, ''),
(422, 'Tsy magnavaka Mataipako', 30, 'sensibilisation,Transformation des fruits, textile (coupe et couture), vannerie, Aviculture, patisserie, charcuterie, culture maraichère', 353, 1, '', 0, ''),
(423, 'Tsy mirefize Ankiabe', 30, 'sensibilisation,Transformation des fruits, textile (coupe et couture), vannerie, Aviculture, patisserie, charcuterie, culture maraichère', 353, 1, '', 0, ''),
(424, 'Reny Malagasy Irarona', 30, 'sensibilisation,Transformation des fruits, textile (coupe et couture), vannerie, Aviculture, patisserie, charcuterie, culture maraichère', 353, 1, '', 0, ''),
(425, 'Tsy magnavaka Ambatoharanana', 30, 'sensibilisation,Transformation des fruits, textile (coupe et couture), vannerie, Aviculture, patisserie, charcuterie, culture maraichère', 353, 1, '', 0, ''),
(426, 'La Lumiere Ambatoharanana', 30, 'sensibilisation,Transformation des fruits, textile (coupe et couture), vannerie, Aviculture, patisserie, charcuterie, culture maraichère', 353, 1, '', 0, ''),
(427, 'Mahery Ambatoharanana', 30, 'sensibilisation,Transformation des fruits, textile (coupe et couture), vannerie, Aviculture, patisserie, charcuterie, culture maraichère', 353, 1, '', 0, ''),
(428, 'Mifanaraka Angodorofo', 30, 'sensibilisation,Transformation des fruits, textile (coupe et couture), vannerie, Aviculture, patisserie, charcuterie, culture maraichère', 353, 1, '', 0, ''),
(429, 'Zank’Ifasy', 30, 'sensibilisation,Transformation des fruits, textile (coupe et couture), vannerie, Aviculture, patisserie, charcuterie, culture maraichère', 353, 1, '', 0, ''),
(430, 'Vehivavy Antesaka', 30, 'sensibilisation,Transformation des fruits, textile (coupe et couture), vannerie, Aviculture, patisserie, charcuterie, culture maraichère', 353, 1, '', 0, ''),
(431, 'Tsy manavaka Belinta', 30, 'sensibilisation,Transformation des fruits, textile (coupe et couture), vannerie, Aviculture, patisserie, charcuterie, culture maraichère', 353, 1, '', 0, ''),
(432, 'Tsy Kivy Belinta', 30, 'sensibilisation,Transformation des fruits, textile (coupe et couture), vannerie, Aviculture, patisserie, charcuterie, culture maraichère', 353, 1, '', 0, ''),
(433, 'Mivoatra Siranana', 30, 'sensibilisation,Transformation des fruits, textile (coupe et couture), vannerie, Aviculture, patisserie, charcuterie, culture maraichère', 353, 1, '', 0, ''),
(434, 'ZEC 1 353', 30, 'sensibilisation,Transformation des fruits, textile (coupe et couture), vannerie, Aviculture, patisserie, charcuterie, culture maraichère', 353, 1, '', 0, ''),
(435, 'Vognono Tatsimo', 30, 'sensibilisation,Transformation des fruits, textile (coupe et couture), vannerie, Aviculture, patisserie, charcuterie, culture maraichère', 353, 1, '', 0, ''),
(436, 'Miaradia Siranana', 30, 'sensibilisation,Transformation des fruits, textile (coupe et couture), vannerie, Aviculture, patisserie, charcuterie, culture maraichère', 353, 1, '', 0, ''),
(437, 'Demi-Mama Bedara', 30, 'sensibilisation,Transformation des fruits, textile (coupe et couture), vannerie, Aviculture, patisserie, charcuterie, culture maraichère', 353, 1, '', 0, ''),
(438, 'Vehivavy Mpampianatra', 30, 'sensibilisation,Transformation des fruits, textile (coupe et couture), vannerie, Aviculture, patisserie, charcuterie, culture maraichère', 353, 1, '', 0, ''),
(439, 'Tia Fandrosoana', 30, 'sensibilisation,Transformation des fruits, textile (coupe et couture), vannerie, Aviculture, patisserie, charcuterie, culture maraichère', 353, 1, '', 0, ''),
(440, 'Tsy manavaka Tsararano', 30, 'sensibilisation,Transformation des fruits, textile (coupe et couture), vannerie, Aviculture, patisserie, charcuterie, culture maraichère', 353, 1, '', 0, ''),
(441, 'Miaradia Ankitikazo', 30, 'sensibilisation,Transformation des fruits, textile (coupe et couture), vannerie, Aviculture, patisserie, charcuterie, culture maraichère', 353, 1, '', 0, ''),
(442, 'ZEC 1 Mataipako', 30, 'sensibilisation,Transformation des fruits, textile (coupe et couture), vannerie, Aviculture, patisserie, charcuterie, culture maraichère', 353, 1, '', 0, ''),
(443, 'Tsarajoro Ampandrana', 30, 'sensibilisation,Transformation des fruits, textile (coupe et couture), vannerie, Aviculture, patisserie, charcuterie, culture maraichère', 353, 1, '', 0, ''),
(444, 'Zanatany Mataipako', 30, 'sensibilisation,Transformation des fruits, textile (coupe et couture), vannerie, Aviculture, patisserie, charcuterie, culture maraichère', 353, 1, '', 0, ''),
(445, 'FI.VA.PO.VA ( Fikambanana Vadin’ny Polisy sy Polisy Vavy)', 30, 'sensibilisation,Transformation des fruits, textile (coupe et couture), vannerie, Aviculture, patisserie, charcuterie, culture maraichère', 321, 1, '', 0, ''),
(446, 'Valéreuse de Madagascar', 30, 'sensibilisation,Transformation des fruits, textile (coupe et couture), vannerie, Aviculture, patisserie, charcuterie, culture maraichère', 321, 1, '', 0, ''),
(447, 'EVEMA', 35, 'sensibilisation,Transformation des fruits, textile (coupe et couture), vannerie, Aviculture, patisserie, charcuterie, culture maraichère', 322, 1, '', 0, ''),
(448, 'Vehivavy Mifankatia', 30, 'sensibilisation,Transformation des fruits, textile (coupe et couture), vannerie, Aviculture, patisserie, charcuterie, culture maraichère', 321, 1, '', 0, ''),
(449, 'Fikambanan’ny Vehivavy', 30, 'sensibilisation,Transformation des fruits, textile (coupe et couture), vannerie, Aviculture, patisserie, charcuterie, culture maraichère', 339, 1, '', 0, ''),
(450, 'Vehivavy Mifankatia', 42, 'sensibilisation,Transformation des fruits, textile (coupe et couture), vannerie, Aviculture, patisserie, charcuterie, culture maraichère', 321, 1, '', 0, ''),
(451, 'Vehivavy Mifankatia', 30, 'sensibilisation,Transformation des fruits, textile (coupe et couture), vannerie, Aviculture, patisserie, charcuterie, culture maraichère', 332, 1, '', 0, ''),
(452, 'FI.VE.A (Fikambanbanan’ny Vehivavy Ambatomenavava )', 30, 'sensibilisation,Transformation des fruits, textile (coupe et couture), vannerie, Aviculture, patisserie, charcuterie, culture maraichère', 321, 1, '', 0, ''),
(453, 'FI.VE.A (Fikambanbanan’ny Vehivavy Ambatomenavava )', 30, 'sensibilisation,Transformation des fruits, textile (coupe et couture), vannerie, Aviculture, patisserie, charcuterie, culture maraichère', 321, 1, '', 0, ''),
(454, 'Vehivavy Tsy manavaka', 30, 'sensibilisation,Transformation des fruits, textile (coupe et couture), vannerie, Aviculture, patisserie, charcuterie, culture maraichère', 342, 1, '', 0, ''),
(455, 'Vehivavy Vonona', 30, 'sensibilisation,Transformation des fruits, textile (coupe et couture), vannerie, Aviculture, patisserie, charcuterie, culture maraichère', 342, 1, '', 0, ''),
(456, 'Vehivavy Mifankatia', 30, 'sensibilisation,Transformation des fruits, textile (coupe et couture), vannerie, Aviculture, patisserie, charcuterie, culture maraichère', 326, 1, '', 0, ''),
(457, 'Vehivavy Advantiste', 30, 'sensibilisation,Transformation des fruits, textile (coupe et couture), vannerie, Aviculture, patisserie, charcuterie, culture maraichère', 321, 1, '', 0, ''),
(458, 'Vehivavy Mivoatra', 50, 'sensibilisation,Transformation des fruits, textile (coupe et couture), vannerie, Aviculture, patisserie, charcuterie, culture maraichère', 337, 1, '', 0, ''),
(459, 'VEMIFA', 50, 'sensibilisation,Transformation des fruits, textile (coupe et couture), vannerie, Aviculture, patisserie, charcuterie, culture maraichère', 321, 1, '', 0, ''),
(460, 'Vehivavy 08 Mars Antsakoamanondro', 50, 'sensibilisation,Transformation des fruits, textile (coupe et couture), vannerie, Aviculture, patisserie, charcuterie, culture maraichère', 331, 1, '', 0, ''),
(461, 'Vehivavy Ambalamanga Port Ankify', 50, 'sensibilisation,Transformation des fruits, textile (coupe et couture), vannerie, Aviculture, patisserie, charcuterie, culture maraichère', 324, 1, '', 0, ''),
(462, 'Vehivavy Solda Andimaka Ankify', 80, 'sensibilisation,Transformation des fruits, textile (coupe et couture), vannerie, Aviculture, patisserie, charcuterie, culture maraichère', 324, 1, '', 0, ''),
(463, 'Viavy Miavotse', 120, 'sensibilisation,Transformation des fruits, textile (coupe et couture), vannerie, Aviculture, patisserie, charcuterie, culture maraichère', 321, 1, '', 0, ''),
(464, 'Vehivavy Clinique St Damien', 50, 'sensibilisation,Transformation des fruits, textile (coupe et couture), vannerie, Aviculture, patisserie, charcuterie, culture maraichère', 321, 1, '', 0, ''),
(465, 'Vehivavy Toky Miray Andranomandry', 100, 'sensibilisation,Transformation des fruits, textile (coupe et couture), vannerie, Aviculture, patisserie, charcuterie, culture maraichère', 334, 1, '', 0, ''),
(466, 'FI.MA.MA', 30, 'sensibilisation,Transformation des fruits, textile (coupe et couture), vannerie, Aviculture, patisserie, charcuterie, culture maraichère', 321, 1, '', 0, ''),
(467, 'Vehivavy Mandroso', 30, 'sensibilisation,Transformation des fruits, textile (coupe et couture), vannerie, Aviculture, patisserie, charcuterie, culture maraichère', 321, 1, '', 0, ''),
(468, 'Vehivavy Agnenga', 30, 'sensibilisation,Transformation des fruits, textile (coupe et couture), vannerie, Aviculture, patisserie, charcuterie, culture maraichère', 321, 1, '', 0, ''),
(469, 'Vehivavy Sambatra', 30, 'sensibilisation,Transformation des fruits, textile (coupe et couture), vannerie, Aviculture, patisserie, charcuterie, culture maraichère', 321, 1, '', 0, ''),
(470, 'Vehivavy Miray Saina Mangabe', 30, 'sensibilisation,Transformation des fruits, textile (coupe et couture), vannerie, Aviculture, patisserie, charcuterie, culture maraichère', 330, 1, '', 0, ''),
(471, 'Vehivavy Miray Tanjaka Andimaka Fito', 30, 'sensibilisation,Transformation des fruits, textile (coupe et couture), vannerie, Aviculture, patisserie, charcuterie, culture maraichère', 319, 1, '', 0, ''),
(472, 'La belle plage Antanamanakana Antrema', 25, 'sensibilisation,Transformation des fruits, textile (coupe et couture), vannerie, Aviculture, patisserie, charcuterie, culture maraichère', 334, 1, '', 0, ''),
(473, 'La belle plage Antanamanakana Antrema', 50, 'sensibilisation,Transformation des fruits, textile (coupe et couture), vannerie, Aviculture, patisserie, charcuterie, culture maraichère', 334, 1, '', 0, ''),
(474, 'FI.VE.SA (Fikambanan’ny Vehivavy Sambatra ANTRANOKARANY)', 50, 'sensibilisation,Transformation des fruits, textile (coupe et couture), vannerie, Aviculture, patisserie, charcuterie, culture maraichère', 330, 1, '', 0, ''),
(475, 'FVTBA', 50, 'sensibilisation,Transformation des fruits, textile (coupe et couture), vannerie, Aviculture, patisserie, charcuterie, culture maraichère', 321, 1, '', 0, ''),
(476, 'ZANATANY TSY KIVY', 110, 'sensibilisation,Transformation des fruits, textile (coupe et couture), vannerie, Aviculture, patisserie, charcuterie, culture maraichère', 321, 1, '', 0, ''),
(477, 'FIMPAZAMI', 70, 'sensibilisation,Transformation des fruits, textile (coupe et couture), vannerie, Aviculture, patisserie, charcuterie, culture maraichère', 321, 1, '', 0, ''),
(478, 'FIVENI', 84, 'sensibilisation,Transformation des fruits, textile (coupe et couture), vannerie, Aviculture, patisserie, charcuterie, culture maraichère', 321, 1, '', 0, ''),
(479, 'FMDS', 150, 'sensibilisation,Transformation des fruits, textile (coupe et couture), vannerie, Aviculture, patisserie, charcuterie, culture maraichère', 321, 1, '', 0, ''),
(480, 'Vehivavy Miraiky ambaibo', 30, 'sensibilisation,Transformation des fruits, textile (coupe et couture), vannerie, Aviculture, patisserie, charcuterie, culture maraichère', 321, 1, '', 0, ''),
(481, 'Fikambanan’ny Vehivavy atrefindrazana', 30, 'sensibilisation,Transformation des fruits, textile (coupe et couture), vannerie, Aviculture, patisserie, charcuterie, culture maraichère', 321, 1, '', 0, ''),
(482, 'FIVEMIMI', 30, 'sensibilisation,Transformation des fruits, textile (coupe et couture), vannerie, Aviculture, patisserie, charcuterie, culture maraichère', 321, 1, '', 0, ''),
(483, 'Vehivavy SISCO AMBANJA', 30, 'sensibilisation,Transformation des fruits, textile (coupe et couture), vannerie, Aviculture, patisserie, charcuterie, culture maraichère', 321, 1, '', 0, ''),
(484, 'Vehivavy Vonona Androhibe Sakalava', 30, 'sensibilisation,Transformation des fruits, textile (coupe et couture), vannerie, Aviculture, patisserie, charcuterie, culture maraichère', 330, 1, '', 0, ''),
(485, 'FIVASA', 30, 'sensibilisation,Transformation des fruits, textile (coupe et couture), vannerie, Aviculture, patisserie, charcuterie, culture maraichère', 321, 1, '', 0, ''),
(486, 'Vehivavy Mendrika', 30, 'sensibilisation,Transformation des fruits, textile (coupe et couture), vannerie, Aviculture, patisserie, charcuterie, culture maraichère', 321, 1, '', 0, ''),
(487, 'SAMSIA', 30, 'sensibilisation,Transformation des fruits, textile (coupe et couture), vannerie, Aviculture, patisserie, charcuterie, culture maraichère', 321, 1, '', 0, ''),
(488, 'Fikambanan’ny Vehivavy Miray', 30, 'sensibilisation,Transformation des fruits, textile (coupe et couture), vannerie, Aviculture, patisserie, charcuterie, culture maraichère', 321, 1, '', 0, ''),
(489, 'Fikambanan’ny Vehivavy Fokontany Tanambao V', 30, 'sensibilisation,Transformation des fruits, textile (coupe et couture), vannerie, Aviculture, patisserie, charcuterie, culture maraichère', 321, 1, '', 0, ''),
(490, 'Fikambanan’ny Vehivavy AMBANJA Centre', 30, 'sensibilisation,Transformation des fruits, textile (coupe et couture), vannerie, Aviculture, patisserie, charcuterie, culture maraichère', 321, 1, '', 0, ''),
(491, 'Vehivavy Tonga SAINA Antampiitily Ankify', 50, 'sensibilisation,Transformation des fruits, textile (coupe et couture), vannerie, Aviculture, patisserie, charcuterie, culture maraichère', 324, 1, '', 0, ''),
(492, 'Fikambanana SUD-EST', 150, 'sensibilisation,Transformation des fruits, textile (coupe et couture), vannerie, Aviculture, patisserie, charcuterie, culture maraichère', 321, 1, '', 0, ''),
(493, 'FI.VA.ZA (Fikambanan’ny Vadiny Zandaro)', 50, 'sensibilisation,Transformation des fruits, textile (coupe et couture), vannerie, Aviculture, patisserie, charcuterie, culture maraichère', 321, 1, '', 0, ''),
(494, 'Fikambanan’ny Vehivavy tsy mialon-jafy MAHERIVARATRA', 50, 'sensibilisation,Transformation des fruits, textile (coupe et couture), vannerie, Aviculture, patisserie, charcuterie, culture maraichère', 339, 1, '', 0, ''),
(495, 'Vehivavy Matanjaka AMBANJA Centre', 50, 'sensibilisation,Transformation des fruits, textile (coupe et couture), vannerie, Aviculture, patisserie, charcuterie, culture maraichère', 321, 1, '', 0, ''),
(496, 'Vehivavy FI.TA.SA', 50, 'sensibilisation,Transformation des fruits, textile (coupe et couture), vannerie, Aviculture, patisserie, charcuterie, culture maraichère', 321, 1, '', 0, ''),
(497, 'Fikambanan’ny Vehivavy Ylang-Ylang', 50, 'sensibilisation,Transformation des fruits, textile (coupe et couture), vannerie, Aviculture, patisserie, charcuterie, culture maraichère', 321, 1, '', 0, ''),
(498, 'Fikambanan’ny Vehivavy Mifankatia Fokontany Ambanjahely', 50, 'sensibilisation,Transformation des fruits, textile (coupe et couture), vannerie, Aviculture, patisserie, charcuterie, culture maraichère', 321, 1, '', 0, ''),
(499, 'Fikambanan’ny Vehivavy Zanaka Toliara', 50, 'sensibilisation,Transformation des fruits, textile (coupe et couture), vannerie, Aviculture, patisserie, charcuterie, culture maraichère', 321, 1, '', 0, ''),
(500, 'Fikambanan’ny Vehivavy Sembana', 50, 'sensibilisation,Transformation des fruits, textile (coupe et couture), vannerie, Aviculture, patisserie, charcuterie, culture maraichère', 321, 1, '', 0, ''),
(501, 'Fikambanan’ny Vehivavy tsy manavaka', 50, 'sensibilisation,Transformation des fruits, textile (coupe et couture), vannerie, Aviculture, patisserie, charcuterie, culture maraichère', 1704, 1, '', 0, ''),
(502, 'Vehivavy Mazoto Mahadera', 50, 'sensibilisation,Transformation des fruits, textile (coupe et couture), vannerie, Aviculture, patisserie, charcuterie, culture maraichère', 319, 1, '', 0, ''),
(503, 'FIVERA (Railovy / Amporaha)', 50, 'sensibilisation,Transformation des fruits, textile (coupe et couture), vannerie, Aviculture, patisserie, charcuterie, culture maraichère', 321, 1, '', 0, ''),
(504, 'Vehivavy Mifankatia Mpamboly ANKATAFA', 50, 'sensibilisation,Transformation des fruits, textile (coupe et couture), vannerie, Aviculture, patisserie, charcuterie, culture maraichère', 326, 1, '', 0, ''),
(505, 'FIZABE', 50, 'sensibilisation,Transformation des fruits, textile (coupe et couture), vannerie, Aviculture, patisserie, charcuterie, culture maraichère', 321, 1, '', 0, ''),
(506, 'Fikambanan’ny Vehivavy Ranomamy Salama Ambaliha', 50, 'sensibilisation,Transformation des fruits, textile (coupe et couture), vannerie, Aviculture, patisserie, charcuterie, culture maraichère', 339, 1, '', 0, ''),
(507, 'VEMIFA', 50, 'sensibilisation,Transformation des fruits, textile (coupe et couture), vannerie, Aviculture, patisserie, charcuterie, culture maraichère', 321, 1, '', 0, ''),
(508, 'FVTBA((Fikambanan’ny Teraka Befandriana Avaratra)', 50, 'sensibilisation,Transformation des fruits, textile (coupe et couture), vannerie, Aviculture, patisserie, charcuterie, culture maraichère', 321, 1, '', 0, ''),
(509, 'Fikambanan’ny Vehivavy Tia za mba tiako', 50, 'sensibilisation,Transformation des fruits, textile (coupe et couture), vannerie, Aviculture, patisserie, charcuterie, culture maraichère', 321, 1, '', 0, ''),
(510, 'FIVEMA', 50, 'sensibilisation,Transformation des fruits, textile (coupe et couture), vannerie, Aviculture, patisserie, charcuterie, culture maraichère', 332, 1, '', 0, ''),
(511, 'Vehivavy Mirisiky', 50, 'sensibilisation,Transformation des fruits, textile (coupe et couture), vannerie, Aviculture, patisserie, charcuterie, culture maraichère', 321, 1, '', 0, ''),
(512, 'Fikambanam-behivavy RION Antanamazava Antsehalila', 50, 'sensibilisation,Transformation des fruits, textile (coupe et couture), vannerie, Aviculture, patisserie, charcuterie, culture maraichère', 321, 1, '', 0, ''),
(513, 'Fikambanam-behivavy RION Antanamazava Antsehalila', 50, 'sensibilisation,Transformation des fruits, textile (coupe et couture), vannerie, Aviculture, patisserie, charcuterie, culture maraichère', 321, 1, '', 0, ''),
(514, 'Vehivavy Vogno Androso 369', 50, 'sensibilisation,Transformation des fruits, textile (coupe et couture), vannerie, Aviculture, patisserie, charcuterie, culture maraichère', 321, 1, '', 0, ''),
(515, 'Vehivavy FIVEMIA Ambiky', 50, 'sensibilisation,Transformation des fruits, textile (coupe et couture), vannerie, Aviculture, patisserie, charcuterie, culture maraichère', 319, 1, '', 0, ''),
(516, 'Vehivavy Taratra Meva Tanabe Sambirano', 50, 'sensibilisation,Transformation des fruits, textile (coupe et couture), vannerie, Aviculture, patisserie, charcuterie, culture maraichère', 332, 1, '', 0, ''),
(517, 'Vehivavy tsy taitaitra Antanabe Sambirano', 50, 'sensibilisation,Transformation des fruits, textile (coupe et couture), vannerie, Aviculture, patisserie, charcuterie, culture maraichère', 332, 1, '', 0, ''),
(518, 'Vehivavy Mifankatia Anjiabory Vognono', 50, 'sensibilisation,Transformation des fruits, textile (coupe et couture), vannerie, Aviculture, patisserie, charcuterie, culture maraichère', 338, 1, '', 0, ''),
(519, 'Fikambanan’ny Vehivavy 334 Ouest', 30, 'sensibilisation,Transformation des fruits, textile (coupe et couture), vannerie, Aviculture, patisserie, charcuterie, culture maraichère', 334, 1, '', 0, ''),
(520, 'Fikambanan’ny Vehivavy Tetezambato', 50, 'sensibilisation,Transformation des fruits, textile (coupe et couture), vannerie, Aviculture, patisserie, charcuterie, culture maraichère', 339, 1, '', 0, ''),
(521, 'Vehivavy tsy kivy Ankingabe', 50, 'sensibilisation,Transformation des fruits, textile (coupe et couture), vannerie, Aviculture, patisserie, charcuterie, culture maraichère', 1704, 1, '', 0, ''),
(522, 'Vehivavy ADAPS', 50, 'sensibilisation,Transformation des fruits, textile (coupe et couture), vannerie, Aviculture, patisserie, charcuterie, culture maraichère', 321, 1, '', 0, ''),
(523, 'Vehivavy tsy Manavaka Nosy Panihy', 50, 'sensibilisation,Transformation des fruits, textile (coupe et couture), vannerie, Aviculture, patisserie, charcuterie, culture maraichère', 321, 1, '', 0, ''),
(524, 'FIVEMIA', 30, 'sensibilisation,Transformation des fruits, textile (coupe et couture), vannerie, Aviculture, patisserie, charcuterie, culture maraichère', 319, 1, '', 0, ''),
(525, 'Vehivavy Miray Kongony', 30, 'sensibilisation,Transformation des fruits, textile (coupe et couture), vannerie, Aviculture, patisserie, charcuterie, culture maraichère', 321, 1, '', 0, ''),
(526, 'Vehivavy Mpivarotra Fanaka', 30, 'sensibilisation,Transformation des fruits, textile (coupe et couture), vannerie, Aviculture, patisserie, charcuterie, culture maraichère', 321, 1, '', 0, ''),
(527, 'Vehivavy Mandroso', 30, 'sensibilisation,Transformation des fruits, textile (coupe et couture), vannerie, Aviculture, patisserie, charcuterie, culture maraichère', 337, 1, '', 0, ''),
(528, 'Vehivavy Miharo Honko', 30, 'sensibilisation,Transformation des fruits, textile (coupe et couture), vannerie, Aviculture, patisserie, charcuterie, culture maraichère', 319, 1, '', 0, ''),
(529, 'Vehivavy AO Madagascar', 30, 'sensibilisation,Transformation des fruits, textile (coupe et couture), vannerie, Aviculture, patisserie, charcuterie, culture maraichère', 331, 1, '', 0, ''),
(530, 'Vehivavy Ravinala', 30, 'sensibilisation,Transformation des fruits, textile (coupe et couture), vannerie, Aviculture, patisserie, charcuterie, culture maraichère', 322, 1, '', 0, ''),
(531, 'Vehivavy Miahy', 30, 'sensibilisation,Transformation des fruits, textile (coupe et couture), vannerie, Aviculture, patisserie, charcuterie, culture maraichère', 322, 1, '', 0, ''),
(532, 'Fikambanany Vehivavy MAVA', 30, 'sensibilisation,Transformation des fruits, textile (coupe et couture), vannerie, Aviculture, patisserie, charcuterie, culture maraichère', 324, 1, '', 0, ''),
(533, 'Vehivavy Mifankatia Antanandava', 30, 'sensibilisation,Transformation des fruits, textile (coupe et couture), vannerie, Aviculture, patisserie, charcuterie, culture maraichère', 319, 1, '', 0, ''),
(534, 'Fikambanany Vehivavy Jojahely', 30, 'sensibilisation,Transformation des fruits, textile (coupe et couture), vannerie, Aviculture, patisserie, charcuterie, culture maraichère', 327, 1, '', 0, ''),
(535, 'FIZAVA', 30, 'sensibilisation,Transformation des fruits, textile (coupe et couture), vannerie, Aviculture, patisserie, charcuterie, culture maraichère', 321, 1, '', 0, ''),
(536, 'Fikambanany Vehivavy Tsy manavaka AMBOHIMARINA', 30, 'sensibilisation,Transformation des fruits, textile (coupe et couture), vannerie, Aviculture, patisserie, charcuterie, culture maraichère', 323, 1, '', 0, ''),
(537, 'Fikambana Miray hina AMBOHIMARINA', 30, 'sensibilisation,Transformation des fruits, textile (coupe et couture), vannerie, Aviculture, patisserie, charcuterie, culture maraichère', 323, 1, '', 0, ''),
(538, 'Vehivavy Mitsiry Begavo II', 30, 'sensibilisation,Transformation des fruits, textile (coupe et couture), vannerie, Aviculture, patisserie, charcuterie, culture maraichère', 321, 1, '', 0, ''),
(539, 'Vehivavy ny Distriky Ambanja', 30, 'sensibilisation,Transformation des fruits, textile (coupe et couture), vannerie, Aviculture, patisserie, charcuterie, culture maraichère', 321, 1, '', 0, ''),
(540, 'Vehivavy SMM', 30, 'sensibilisation,Transformation des fruits, textile (coupe et couture), vannerie, Aviculture, patisserie, charcuterie, culture maraichère', 321, 1, '', 0, ''),
(541, 'Marodaty Ambanja', 30, 'sensibilisation,Transformation des fruits, textile (coupe et couture), vannerie, Aviculture, patisserie, charcuterie, culture maraichère', 321, 1, '', 0, ''),
(542, 'Vehivavy Mazoto Mevarevorevo', 30, 'sensibilisation,Transformation des fruits, textile (coupe et couture), vannerie, Aviculture, patisserie, charcuterie, culture maraichère', 321, 1, '', 0, ''),
(543, 'Vehivavy Tiako Tsimiroro Antsahamapano', 30, 'sensibilisation,Transformation des fruits, textile (coupe et couture), vannerie, Aviculture, patisserie, charcuterie, culture maraichère', 321, 1, '', 0, ''),
(544, 'Tsara Joro Anjavibe', 30, 'sensibilisation,Transformation des fruits, textile (coupe et couture), vannerie, Aviculture, patisserie, charcuterie, culture maraichère', 321, 1, '', 0, ''),
(545, 'Vehivay Marisiky Antambaza', 30, 'sensibilisation,Transformation des fruits, textile (coupe et couture), vannerie, Aviculture, patisserie, charcuterie, culture maraichère', 321, 1, '', 0, ''),
(546, 'Miray hina Ambaibo', 30, 'sensibilisation,Transformation des fruits, textile (coupe et couture), vannerie, Aviculture, patisserie, charcuterie, culture maraichère', 321, 1, '', 0, ''),
(547, 'Fikambanany Vehivavy Mahavelona', 30, 'sensibilisation,Transformation des fruits, textile (coupe et couture), vannerie, Aviculture, patisserie, charcuterie, culture maraichère', 321, 1, '', 0, ''),
(548, 'FI.VE.MIA Ambatofitatra', 30, 'sensibilisation,Transformation des fruits, textile (coupe et couture), vannerie, Aviculture, patisserie, charcuterie, culture maraichère', 321, 1, '', 0, ''),
(549, 'Vehivavy Tsy manary Havana Begavo II', 30, 'sensibilisation,Transformation des fruits, textile (coupe et couture), vannerie, Aviculture, patisserie, charcuterie, culture maraichère', 321, 1, '', 0, ''),
(550, 'Vehivavy Tsy Manavaka Ankiny', 30, 'sensibilisation,Transformation des fruits, textile (coupe et couture), vannerie, Aviculture, patisserie, charcuterie, culture maraichère', 339, 1, '', 0, ''),
(551, 'Vehivavy Tsara Riziky Morafeno', 30, 'sensibilisation,Transformation des fruits, textile (coupe et couture), vannerie, Aviculture, patisserie, charcuterie, culture maraichère', 321, 1, '', 0, ''),
(552, 'Vehivavy Miray Hina Ankinaka', 30, 'sensibilisation,Transformation des fruits, textile (coupe et couture), vannerie, Aviculture, patisserie, charcuterie, culture maraichère', 339, 1, '', 0, ''),
(553, 'Vehivay Tantsaha Gago', 30, 'sensibilisation,Transformation des fruits, textile (coupe et couture), vannerie, Aviculture, patisserie, charcuterie, culture maraichère', 321, 1, '', 0, ''),
(554, 'Vehivavy Madilo Doine Ankify', 30, 'sensibilisation,Transformation des fruits, textile (coupe et couture), vannerie, Aviculture, patisserie, charcuterie, culture maraichère', 324, 1, '', 0, ''),
(555, 'Vehivavy Micro Finance AMBANJA', 30, 'sensibilisation,Transformation des fruits, textile (coupe et couture), vannerie, Aviculture, patisserie, charcuterie, culture maraichère', 321, 1, '', 0, ''),
(556, 'FIVEMA Antsirabe', 30, 'sensibilisation,Transformation des fruits, textile (coupe et couture), vannerie, Aviculture, patisserie, charcuterie, culture maraichère', 333, 1, '', 0, ''),
(557, 'FIVEMA Androhibe', 30, 'sensibilisation,Transformation des fruits, textile (coupe et couture), vannerie, Aviculture, patisserie, charcuterie, culture maraichère', 321, 1, '', 0, ''),
(558, 'Fikambanana Toky Amkatafabe', 30, 'sensibilisation,Transformation des fruits, textile (coupe et couture), vannerie, Aviculture, patisserie, charcuterie, culture maraichère', 326, 1, '', 0, ''),
(559, 'Fikambana Vehivavy Mifakatia Malaza Tsarabanja', 30, 'sensibilisation,Transformation des fruits, textile (coupe et couture), vannerie, Aviculture, patisserie, charcuterie, culture maraichère', 321, 1, '', 0, ''),
(560, 'Vehivavy Mazoto Androka', 30, 'sensibilisation,Transformation des fruits, textile (coupe et couture), vannerie, Aviculture, patisserie, charcuterie, culture maraichère', 321, 1, '', 0, ''),
(561, 'Vehivavy vognono Antsahamamibe', 30, 'sensibilisation,Transformation des fruits, textile (coupe et couture), vannerie, Aviculture, patisserie, charcuterie, culture maraichère', 321, 1, '', 0, ''),
(562, 'Vehivavy Mihezaka Antanambao-berahodaka', 30, 'sensibilisation,Transformation des fruits, textile (coupe et couture), vannerie, Aviculture, patisserie, charcuterie, culture maraichère', 321, 1, '', 0, ''),
(563, 'Vehivavy Mifankatia Ambodivanio', 30, 'sensibilisation,Transformation des fruits, textile (coupe et couture), vannerie, Aviculture, patisserie, charcuterie, culture maraichère', 332, 1, '', 0, ''),
(564, 'Vehivavy Mihezaka Joja', 30, 'sensibilisation,Transformation des fruits, textile (coupe et couture), vannerie, Aviculture, patisserie, charcuterie, culture maraichère', 327, 1, '', 0, ''),
(565, 'Vehivavy Tsaradia Ambodimanga Nord', 30, 'sensibilisation,Transformation des fruits, textile (coupe et couture), vannerie, Aviculture, patisserie, charcuterie, culture maraichère', 321, 1, '', 0, ''),
(566, 'Vehivavy Miray Befitina', 30, 'sensibilisation,Transformation des fruits, textile (coupe et couture), vannerie, Aviculture, patisserie, charcuterie, culture maraichère', 330, 1, '', 0, ''),
(567, 'Vehivavy Mavila Tanambaon\'ny Berahodaka', 30, 'sensibilisation,Transformation des fruits, textile (coupe et couture), vannerie, Aviculture, patisserie, charcuterie, culture maraichère', 321, 1, '', 0, ''),
(568, 'Vehivavy tsy kivy Antsakoabe', 30, 'sensibilisation,Transformation des fruits, textile (coupe et couture), vannerie, Aviculture, patisserie, charcuterie, culture maraichère', 321, 1, '', 0, '');
INSERT INTO `association` (`id`, `nom`, `membre`, `activite`, `commune_id`, `type_association_id`, `nom_president`, `nif_stat`, `numero_recepisse`) VALUES
(569, 'Vehivavy Tsy Very Anjara MAEVATANANA', 30, 'sensibilisation,Transformation des fruits, textile (coupe et couture), vannerie, Aviculture, patisserie, charcuterie, culture maraichère', 338, 1, '', 0, ''),
(570, 'Vehivavy Bonne Chance Ankarabato', 30, 'sensibilisation,Transformation des fruits, textile (coupe et couture), vannerie, Aviculture, patisserie, charcuterie, culture maraichère', 336, 1, '', 0, ''),
(571, 'Fikambanany Vehivavy Mpiompy Tantely MAHERIVARATRA', 30, 'sensibilisation,Transformation des fruits, textile (coupe et couture), vannerie, Aviculture, patisserie, charcuterie, culture maraichère', 339, 1, '', 0, ''),
(572, 'Vehivavy Tsy kivy ANTSAHAMPANO', 30, 'sensibilisation,Transformation des fruits, textile (coupe et couture), vannerie, Aviculture, patisserie, charcuterie, culture maraichère', 321, 1, '', 0, ''),
(573, 'Fikambanany Vehivavy Mpanarabadiana', 30, 'sensibilisation,Transformation des fruits, textile (coupe et couture), vannerie, Aviculture, patisserie, charcuterie, culture maraichère', 331, 1, '', 0, ''),
(574, 'Vehivavy Tsy Manavandrazana ANKINGAMELOKA', 30, 'sensibilisation,Transformation des fruits, textile (coupe et couture), vannerie, Aviculture, patisserie, charcuterie, culture maraichère', 327, 1, '', 0, ''),
(575, 'Vehivavy Vognono Antanambao Befatsy', 30, 'sensibilisation,Transformation des fruits, textile (coupe et couture), vannerie, Aviculture, patisserie, charcuterie, culture maraichère', 337, 1, '', 0, ''),
(576, 'Vehivavy Miray hina Ampasibe', 30, 'sensibilisation,Transformation des fruits, textile (coupe et couture), vannerie, Aviculture, patisserie, charcuterie, culture maraichère', 327, 1, '', 0, ''),
(577, 'Vehivavy Tsy Kivy ANKINGAMELOKA', 30, 'sensibilisation,Transformation des fruits, textile (coupe et couture), vannerie, Aviculture, patisserie, charcuterie, culture maraichère', 327, 1, '', 0, ''),
(578, 'Vehivavy Tsy Manavaka Jojahely', 30, 'sensibilisation,Transformation des fruits, textile (coupe et couture), vannerie, Aviculture, patisserie, charcuterie, culture maraichère', 327, 1, '', 0, ''),
(579, 'Vehivavy Miray hina Antsalaligny', 30, 'sensibilisation,Transformation des fruits, textile (coupe et couture), vannerie, Aviculture, patisserie, charcuterie, culture maraichère', 1704, 1, '', 0, ''),
(580, 'Vehivavy Mandroso Befitina', 30, 'sensibilisation,Transformation des fruits, textile (coupe et couture), vannerie, Aviculture, patisserie, charcuterie, culture maraichère', 330, 1, '', 0, ''),
(581, 'Vehivavy tsaratantana ANTSIRABE II', 30, 'sensibilisation,Transformation des fruits, textile (coupe et couture), vannerie, Aviculture, patisserie, charcuterie, culture maraichère', 333, 1, '', 0, ''),
(582, 'Vehivavy Miray hina ANTSIRABE', 30, 'sensibilisation,Transformation des fruits, textile (coupe et couture), vannerie, Aviculture, patisserie, charcuterie, culture maraichère', 333, 1, '', 0, ''),
(583, 'Vehivavy Tsaradia ANTSIRABE II', 30, 'sensibilisation,Transformation des fruits, textile (coupe et couture), vannerie, Aviculture, patisserie, charcuterie, culture maraichère', 333, 1, '', 0, ''),
(584, 'Viavy Miray hina Ankify', 30, 'sensibilisation,Transformation des fruits, textile (coupe et couture), vannerie, Aviculture, patisserie, charcuterie, culture maraichère', 324, 1, '', 0, ''),
(585, 'Vehivavy Vognono Androhibe', 30, 'sensibilisation,Transformation des fruits, textile (coupe et couture), vannerie, Aviculture, patisserie, charcuterie, culture maraichère', 1704, 1, '', 0, ''),
(586, 'Clinique St Danien', 30, 'sensibilisation,Transformation des fruits, textile (coupe et couture), vannerie, Aviculture, patisserie, charcuterie, culture maraichère', 321, 1, '', 0, ''),
(587, 'Vehivavy Tsy Mirekireky Benavony', 30, 'sensibilisation,Transformation des fruits, textile (coupe et couture), vannerie, Aviculture, patisserie, charcuterie, culture maraichère', 336, 1, '', 0, ''),
(588, 'FI.VE.MA 326hely', 30, 'sensibilisation,Transformation des fruits, textile (coupe et couture), vannerie, Aviculture, patisserie, charcuterie, culture maraichère', 321, 1, '', 0, ''),
(589, 'FI.VE.TE BEA', 30, 'sensibilisation,Transformation des fruits, textile (coupe et couture), vannerie, Aviculture, patisserie, charcuterie, culture maraichère', 321, 1, '', 0, ''),
(590, 'Vehivavy MiraY Hina Begavo I', 30, 'sensibilisation,Transformation des fruits, textile (coupe et couture), vannerie, Aviculture, patisserie, charcuterie, culture maraichère', 321, 1, '', 0, ''),
(591, 'Vehivavy Zanatany Tsy Kivy Manirenja', 30, 'sensibilisation,Transformation des fruits, textile (coupe et couture), vannerie, Aviculture, patisserie, charcuterie, culture maraichère', 338, 1, '', 0, ''),
(592, 'Fikambanany Vehivavy Antsirasira', 30, 'sensibilisation,Transformation des fruits, textile (coupe et couture), vannerie, Aviculture, patisserie, charcuterie, culture maraichère', 341, 1, '', 0, ''),
(593, 'Fikambanana Vehivavy Ambakoana', 30, 'sensibilisation,Transformation des fruits, textile (coupe et couture), vannerie, Aviculture, patisserie, charcuterie, culture maraichère', 341, 1, '', 0, ''),
(594, 'Femme Paysanne', 30, 'sensibilisation,Transformation des fruits, textile (coupe et couture), vannerie, Aviculture, patisserie, charcuterie, culture maraichère', 1704, 1, '', 0, ''),
(595, 'Fikambanan\'ny Mpampianatra', 30, 'sensibilisation,Transformation des fruits, textile (coupe et couture), vannerie, Aviculture, patisserie, charcuterie, culture maraichère', 321, 1, '', 0, ''),
(596, 'FIVEMIA Antambao Mission', 30, 'sensibilisation,Transformation des fruits, textile (coupe et couture), vannerie, Aviculture, patisserie, charcuterie, culture maraichère', 321, 1, '', 0, ''),
(597, 'Vehivavy Mendrika Ambatomenavava', 30, 'sensibilisation,Transformation des fruits, textile (coupe et couture), vannerie, Aviculture, patisserie, charcuterie, culture maraichère', 321, 1, '', 0, ''),
(598, 'Fikambanany Miray hina 330', 30, 'sensibilisation,Transformation des fruits, textile (coupe et couture), vannerie, Aviculture, patisserie, charcuterie, culture maraichère', 330, 1, '', 0, ''),
(599, 'Miray Saina Mangabe', 30, 'sensibilisation,Transformation des fruits, textile (coupe et couture), vannerie, Aviculture, patisserie, charcuterie, culture maraichère', 330, 1, '', 0, ''),
(600, 'Vehivavy Tsy Very Anjara Ankohala', 30, 'sensibilisation,Transformation des fruits, textile (coupe et couture), vannerie, Aviculture, patisserie, charcuterie, culture maraichère', 321, 1, '', 0, ''),
(601, 'Vehivavy Mavitrika Antranovato', 30, 'sensibilisation,Transformation des fruits, textile (coupe et couture), vannerie, Aviculture, patisserie, charcuterie, culture maraichère', 321, 1, '', 0, ''),
(602, 'Vehivavy Mandroso Antanimena', 30, 'sensibilisation,Transformation des fruits, textile (coupe et couture), vannerie, Aviculture, patisserie, charcuterie, culture maraichère', 321, 1, '', 0, ''),
(603, 'Vehivavy Manonga Anjara Marohadabo', 30, 'sensibilisation,Transformation des fruits, textile (coupe et couture), vannerie, Aviculture, patisserie, charcuterie, culture maraichère', 321, 1, '', 0, ''),
(604, 'Vehivavy Sambatra 330', 30, 'sensibilisation,Transformation des fruits, textile (coupe et couture), vannerie, Aviculture, patisserie, charcuterie, culture maraichère', 330, 1, '', 0, ''),
(605, 'FAFEDE', 30, 'sensibilisation,Transformation des fruits, textile (coupe et couture), vannerie, Aviculture, patisserie, charcuterie, culture maraichère', 321, 1, '', 0, ''),
(606, 'Fikambanana Mandroso Benavony', 30, 'sensibilisation,Transformation des fruits, textile (coupe et couture), vannerie, Aviculture, patisserie, charcuterie, culture maraichère', 336, 1, '', 0, ''),
(607, 'Vehivavy Miray 326hely', 30, 'sensibilisation,Transformation des fruits, textile (coupe et couture), vannerie, Aviculture, patisserie, charcuterie, culture maraichère', 321, 1, '', 0, ''),
(608, 'A.S.P.C AMBANJA', 30, 'sensibilisation,Transformation des fruits, textile (coupe et couture), vannerie, Aviculture, patisserie, charcuterie, culture maraichère', 321, 1, '', 0, ''),
(609, 'Vehivavy Zokiolona Toky Sambirano', 30, 'sensibilisation,Transformation des fruits, textile (coupe et couture), vannerie, Aviculture, patisserie, charcuterie, culture maraichère', 321, 1, '', 0, ''),
(610, 'Vehivavy Diamant Toide', 30, 'sensibilisation,Transformation des fruits, textile (coupe et couture), vannerie, Aviculture, patisserie, charcuterie, culture maraichère', 321, 1, '', 0, ''),
(611, 'Vehivavy Miray Tetezambato', 30, 'sensibilisation,Transformation des fruits, textile (coupe et couture), vannerie, Aviculture, patisserie, charcuterie, culture maraichère', 321, 1, '', 0, ''),
(612, 'Vehivavy Zanatany Marotolagna', 30, 'sensibilisation,Transformation des fruits, textile (coupe et couture), vannerie, Aviculture, patisserie, charcuterie, culture maraichère', 341, 1, '', 0, ''),
(613, 'Vehivavy Mandroso Andranomatsaba', 30, 'sensibilisation,Transformation des fruits, textile (coupe et couture), vannerie, Aviculture, patisserie, charcuterie, culture maraichère', 321, 1, '', 0, ''),
(614, 'VE.FF.DA', 30, 'sensibilisation,Transformation des fruits, textile (coupe et couture), vannerie, Aviculture, patisserie, charcuterie, culture maraichère', 321, 1, '', 0, ''),
(615, 'F.M.DS AMBANJA', 30, 'sensibilisation,Transformation des fruits, textile (coupe et couture), vannerie, Aviculture, patisserie, charcuterie, culture maraichère', 321, 1, '', 0, ''),
(616, 'Vehivavy Miavotse', 30, 'sensibilisation,Transformation des fruits, textile (coupe et couture), vannerie, Aviculture, patisserie, charcuterie, culture maraichère', 321, 1, '', 0, ''),
(617, 'Vehivavy Croix-Rouge', 30, 'sensibilisation,Transformation des fruits, textile (coupe et couture), vannerie, Aviculture, patisserie, charcuterie, culture maraichère', 321, 1, '', 0, ''),
(618, 'FI.TA.VA', 30, 'sensibilisation,Transformation des fruits, textile (coupe et couture), vannerie, Aviculture, patisserie, charcuterie, culture maraichère', 321, 1, '', 0, ''),
(619, 'Vehivavy Mpamboly Andranomena', 30, 'sensibilisation,Transformation des fruits, textile (coupe et couture), vannerie, Aviculture, patisserie, charcuterie, culture maraichère', 321, 1, '', 0, ''),
(620, 'F.V.M.M Morafeno', 30, 'sensibilisation,Transformation des fruits, textile (coupe et couture), vannerie, Aviculture, patisserie, charcuterie, culture maraichère', 321, 1, '', 0, ''),
(621, 'FI.VA.SA', 30, 'sensibilisation,Transformation des fruits, textile (coupe et couture), vannerie, Aviculture, patisserie, charcuterie, culture maraichère', 321, 1, '', 0, ''),
(622, 'Vehivavy Tsy Mihalogno Antsifitra', 30, 'sensibilisation,Transformation des fruits, textile (coupe et couture), vannerie, Aviculture, patisserie, charcuterie, culture maraichère', 336, 1, '', 0, ''),
(623, 'Chambre de Metier Antanambao', 30, 'sensibilisation,Transformation des fruits, textile (coupe et couture), vannerie, Aviculture, patisserie, charcuterie, culture maraichère', 321, 1, '', 0, ''),
(624, 'FI.VE.MIA Sampandalagna Dimy', 30, 'sensibilisation,Transformation des fruits, textile (coupe et couture), vannerie, Aviculture, patisserie, charcuterie, culture maraichère', 321, 1, '', 0, ''),
(625, 'Sambirano Mitambatra', 30, 'sensibilisation,Transformation des fruits, textile (coupe et couture), vannerie, Aviculture, patisserie, charcuterie, culture maraichère', 321, 1, '', 0, ''),
(626, 'MI.FE.M Andventiste', 60, 'sensibilisation,Transformation des fruits, textile (coupe et couture), vannerie, Aviculture, patisserie, charcuterie, culture maraichère', 321, 1, '', 0, ''),
(627, 'S.A SCIM AMBANJA', 30, 'sensibilisation,Transformation des fruits, textile (coupe et couture), vannerie, Aviculture, patisserie, charcuterie, culture maraichère', 321, 1, '', 0, ''),
(628, 'BEMIRAY WADRA', 30, 'sensibilisation,Transformation des fruits, textile (coupe et couture), vannerie, Aviculture, patisserie, charcuterie, culture maraichère', 384, 1, '', 0, ''),
(629, '08 mars nosy be', 960, 'sensibilisation,Transformation des fruits, textile (coupe et couture), vannerie, Aviculture, patisserie, charcuterie, culture maraichère', 384, 1, '', 0, ''),
(630, 'VIAVY MIAVOTSE', 356, 'sensibilisation,Transformation des fruits, textile (coupe et couture), vannerie, Aviculture, patisserie, charcuterie, culture maraichère', 384, 1, '', 0, ''),
(631, 'FEMME BRILLANTE', 25, 'sensibilisation,Transformation des fruits, textile (coupe et couture), vannerie, Aviculture, patisserie, charcuterie, culture maraichère', 384, 1, '', 0, ''),
(632, 'FEMME ADVENTISTE', 300, 'sensibilisation,Transformation des fruits, textile (coupe et couture), vannerie, Aviculture, patisserie, charcuterie, culture maraichère', 384, 1, '', 0, ''),
(633, 'FIKAMBANAN’NY VEHIVAVY MANDROSO (FIVEMA)', 50, 'sensibilisation,Transformation des fruits, textile (coupe et couture), vannerie, Aviculture, patisserie, charcuterie, culture maraichère', 384, 1, '', 0, ''),
(634, 'VEHIVAVY MIRAY', 50, 'sensibilisation,Transformation des fruits, textile (coupe et couture), vannerie, Aviculture, patisserie, charcuterie, culture maraichère', 384, 1, '', 0, ''),
(635, 'FIKAMBANAN’NY VEHIVAVY AMBODISAKOAGNA MIFANKATIA (FIVEAMI)', 50, 'sensibilisation,Transformation des fruits, textile (coupe et couture), vannerie, Aviculture, patisserie, charcuterie, culture maraichère', 384, 1, '', 0, ''),
(636, 'HERY MITAMBATRA DAR-ES-SALAM', 50, 'sensibilisation,Transformation des fruits, textile (coupe et couture), vannerie, Aviculture, patisserie, charcuterie, culture maraichère', 384, 1, '', 0, ''),
(637, 'VEHIVAVY PAOSITRA MALAGASY', 15, 'sensibilisation,Transformation des fruits, textile (coupe et couture), vannerie, Aviculture, patisserie, charcuterie, culture maraichère', 384, 1, '', 0, ''),
(638, 'JEUNE FILLE SENGANINGA', 25, 'sensibilisation,Transformation des fruits, textile (coupe et couture), vannerie, Aviculture, patisserie, charcuterie, culture maraichère', 384, 1, '', 0, ''),
(639, 'FIKAMBANANA AMBANY HOPITAL BE (FIAH)', 25, 'sensibilisation,Transformation des fruits, textile (coupe et couture), vannerie, Aviculture, patisserie, charcuterie, culture maraichère', 384, 1, '', 0, ''),
(640, 'FIKAMBANAN’NY VEHIVAVY MARIKINDRO (FIVMA)', 50, 'sensibilisation,Transformation des fruits, textile (coupe et couture), vannerie, Aviculture, patisserie, charcuterie, culture maraichère', 384, 1, '', 0, ''),
(641, 'FIKAMBANAN’i AMBODISAKOAGNA MISAOMA (FIAM)', 25, 'sensibilisation,Transformation des fruits, textile (coupe et couture), vannerie, Aviculture, patisserie, charcuterie, culture maraichère', 384, 1, '', 0, ''),
(642, 'FIVAMI', 50, 'sensibilisation,Transformation des fruits, textile (coupe et couture), vannerie, Aviculture, patisserie, charcuterie, culture maraichère', 384, 1, '', 0, ''),
(643, 'FI.VEHD', 50, 'sensibilisation,Transformation des fruits, textile (coupe et couture), vannerie, Aviculture, patisserie, charcuterie, culture maraichère', 384, 1, '', 0, ''),
(644, 'FIVH - TANAMBAO FASCENE', 50, 'sensibilisation,Transformation des fruits, textile (coupe et couture), vannerie, Aviculture, patisserie, charcuterie, culture maraichère', 384, 1, '', 0, ''),
(645, 'FIVENA- DZAMANDJAR', 30, 'sensibilisation,Transformation des fruits, textile (coupe et couture), vannerie, Aviculture, patisserie, charcuterie, culture maraichère', 384, 1, '', 0, ''),
(646, 'LABANANE II', 20, 'sensibilisation,Transformation des fruits, textile (coupe et couture), vannerie, Aviculture, patisserie, charcuterie, culture maraichère', 384, 1, '', 0, ''),
(647, 'FARSOMINO- DZAMANDJAR', 25, 'sensibilisation,Transformation des fruits, textile (coupe et couture), vannerie, Aviculture, patisserie, charcuterie, culture maraichère', 384, 1, '', 0, ''),
(648, 'FIZAMI- AMBATOZAVAVY', 50, 'sensibilisation,Transformation des fruits, textile (coupe et couture), vannerie, Aviculture, patisserie, charcuterie, culture maraichère', 384, 1, '', 0, ''),
(649, 'ASSOCIATION ZAVAVY MIVOATRA (AZAMI)', 50, 'sensibilisation,Transformation des fruits, textile (coupe et couture), vannerie, Aviculture, patisserie, charcuterie, culture maraichère', 384, 1, '', 0, ''),
(650, 'ASSOCIATION MANJA MIRAY HINA- MADIROKELY', 50, 'sensibilisation,Transformation des fruits, textile (coupe et couture), vannerie, Aviculture, patisserie, charcuterie, culture maraichère', 384, 1, '', 0, ''),
(651, 'ASSOCIATION TANDRANO', 50, 'sensibilisation,Transformation des fruits, textile (coupe et couture), vannerie, Aviculture, patisserie, charcuterie, culture maraichère', 384, 1, '', 0, ''),
(652, 'ASSOCIATION VEHIVAVY MIARADIA- MAHAZANDRY', 30, 'sensibilisation,Transformation des fruits, textile (coupe et couture), vannerie, Aviculture, patisserie, charcuterie, culture maraichère', 384, 1, '', 0, ''),
(653, 'ZANAKA MAEVARANO', 30, 'sensibilisation,Transformation des fruits, textile (coupe et couture), vannerie, Aviculture, patisserie, charcuterie, culture maraichère', 384, 1, '', 0, ''),
(654, 'ASSOCIATION MANDRAY ANJARA BELAMANDY', 50, 'sensibilisation,Transformation des fruits, textile (coupe et couture), vannerie, Aviculture, patisserie, charcuterie, culture maraichère', 384, 1, '', 0, ''),
(655, 'ASSOCIATION MIARA MANDROSO ANTAFIANAMBITRY', 30, 'sensibilisation,Transformation des fruits, textile (coupe et couture), vannerie, Aviculture, patisserie, charcuterie, culture maraichère', 384, 1, '', 0, ''),
(656, 'AFAP', 30, 'sensibilisation,Transformation des fruits, textile (coupe et couture), vannerie, Aviculture, patisserie, charcuterie, culture maraichère', 384, 1, '', 0, ''),
(657, 'TSARA MASOANDRO ANTSAKOLAGNA', 20, 'sensibilisation,Transformation des fruits, textile (coupe et couture), vannerie, Aviculture, patisserie, charcuterie, culture maraichère', 384, 1, '', 0, ''),
(658, 'VEHIVAVY BEMANONDROBE MIFANKATIA', 25, 'sensibilisation,Transformation des fruits, textile (coupe et couture), vannerie, Aviculture, patisserie, charcuterie, culture maraichère', 384, 1, '', 0, ''),
(659, 'FIZASAMI- HELL VILLE', 30, 'sensibilisation,Transformation des fruits, textile (coupe et couture), vannerie, Aviculture, patisserie, charcuterie, culture maraichère', 384, 1, '', 0, ''),
(660, 'FIZAM- ANDOHARANO MIRAY', 50, 'sensibilisation,Transformation des fruits, textile (coupe et couture), vannerie, Aviculture, patisserie, charcuterie, culture maraichère', 384, 1, '', 0, ''),
(661, 'FIVAPOVA', 20, 'sensibilisation,Transformation des fruits, textile (coupe et couture), vannerie, Aviculture, patisserie, charcuterie, culture maraichère', 384, 1, '', 0, ''),
(662, 'CHAMBRE DES METIERS', 20, 'sensibilisation,Transformation des fruits, textile (coupe et couture), vannerie, Aviculture, patisserie, charcuterie, culture maraichère', 384, 1, '', 0, ''),
(663, 'NOSY ESPOIR', 25, 'sensibilisation,Transformation des fruits, textile (coupe et couture), vannerie, Aviculture, patisserie, charcuterie, culture maraichère', 384, 1, '', 0, ''),
(664, 'VEHIVAVY MIRAY SAKATIA', 15, 'sensibilisation,Transformation des fruits, textile (coupe et couture), vannerie, Aviculture, patisserie, charcuterie, culture maraichère', 384, 1, '', 0, ''),
(665, 'FIVEA- AMBATOZAVAVY', 30, 'sensibilisation,Transformation des fruits, textile (coupe et couture), vannerie, Aviculture, patisserie, charcuterie, culture maraichère', 384, 1, '', 0, ''),
(666, 'VEHIVAVY FARSONO HELL VILLE', 20, 'sensibilisation,Transformation des fruits, textile (coupe et couture), vannerie, Aviculture, patisserie, charcuterie, culture maraichère', 384, 1, '', 0, ''),
(667, 'VEHIVAVY MANDROSO ORANGEA', 25, 'sensibilisation,Transformation des fruits, textile (coupe et couture), vannerie, Aviculture, patisserie, charcuterie, culture maraichère', 384, 1, '', 0, ''),
(668, 'VEHIVAVY MIFANKATIA MENAPINGO', 30, 'sensibilisation,Transformation des fruits, textile (coupe et couture), vannerie, Aviculture, patisserie, charcuterie, culture maraichère', 384, 1, '', 0, ''),
(669, 'FIVEAMI- AMBODISAKOAGNA', 50, 'sensibilisation,Transformation des fruits, textile (coupe et couture), vannerie, Aviculture, patisserie, charcuterie, culture maraichère', 384, 1, '', 0, ''),
(670, 'VEHIVAVY NOSY FALY', 50, 'sensibilisation,Transformation des fruits, textile (coupe et couture), vannerie, Aviculture, patisserie, charcuterie, culture maraichère', 384, 1, '', 0, ''),
(671, 'NOSY BE MIRAY', 50, 'sensibilisation,Transformation des fruits, textile (coupe et couture), vannerie, Aviculture, patisserie, charcuterie, culture maraichère', 384, 1, '', 0, ''),
(672, 'FIVESA – LOKOBE', 50, 'sensibilisation,Transformation des fruits, textile (coupe et couture), vannerie, Aviculture, patisserie, charcuterie, culture maraichère', 384, 1, '', 0, ''),
(673, 'FIVEMIA LOKOBE', 50, 'sensibilisation,Transformation des fruits, textile (coupe et couture), vannerie, Aviculture, patisserie, charcuterie, culture maraichère', 384, 1, '', 0, ''),
(674, 'SANTE', 20, 'sensibilisation,Transformation des fruits, textile (coupe et couture), vannerie, Aviculture, patisserie, charcuterie, culture maraichère', 384, 1, '', 0, ''),
(675, 'FEMME LA BATTERIE MIRAY', 25, 'sensibilisation,Transformation des fruits, textile (coupe et couture), vannerie, Aviculture, patisserie, charcuterie, culture maraichère', 384, 1, '', 0, ''),
(676, 'FIKAMBANAN’NY BETSILEO', 50, 'sensibilisation,Transformation des fruits, textile (coupe et couture), vannerie, Aviculture, patisserie, charcuterie, culture maraichère', 384, 1, '', 0, ''),
(677, 'OMINO', 50, 'sensibilisation,Transformation des fruits, textile (coupe et couture), vannerie, Aviculture, patisserie, charcuterie, culture maraichère', 384, 1, '', 0, ''),
(678, 'FIVAMIMO', 50, 'sensibilisation,Transformation des fruits, textile (coupe et couture), vannerie, Aviculture, patisserie, charcuterie, culture maraichère', 384, 1, '', 0, ''),
(679, 'FIVAMINO', 50, 'sensibilisation,Transformation des fruits, textile (coupe et couture), vannerie, Aviculture, patisserie, charcuterie, culture maraichère', 384, 1, '', 0, ''),
(680, 'FEMME PREFECTURE', 50, 'sensibilisation,Transformation des fruits, textile (coupe et couture), vannerie, Aviculture, patisserie, charcuterie, culture maraichère', 384, 1, '', 0, ''),
(681, 'CNRO', 15, 'sensibilisation,Transformation des fruits, textile (coupe et couture), vannerie, Aviculture, patisserie, charcuterie, culture maraichère', 384, 1, '', 0, ''),
(682, 'TSARADIA', 20, 'sensibilisation,Transformation des fruits, textile (coupe et couture), vannerie, Aviculture, patisserie, charcuterie, culture maraichère', 384, 1, '', 0, ''),
(683, 'ORCHIDEE', 20, 'sensibilisation,Transformation des fruits, textile (coupe et couture), vannerie, Aviculture, patisserie, charcuterie, culture maraichère', 384, 1, '', 0, ''),
(684, 'JIRAMA', 20, 'sensibilisation,Transformation des fruits, textile (coupe et couture), vannerie, Aviculture, patisserie, charcuterie, culture maraichère', 384, 1, '', 0, ''),
(685, 'FIVASA', 30, 'sensibilisation,Transformation des fruits, textile (coupe et couture), vannerie, Aviculture, patisserie, charcuterie, culture maraichère', 384, 1, '', 0, ''),
(686, 'ASSOCIATION DES FEMMES EDUCATEURS DE MADAGASCAR', 148, 'sensibilisation,Transformation des fruits, textile (coupe et couture), vannerie, Aviculture, patisserie, charcuterie, culture maraichère', 384, 1, '', 0, ''),
(687, 'AVANY MARO', 46, 'sensibilisation,Transformation des fruits, textile (coupe et couture), vannerie, Aviculture, patisserie, charcuterie, culture maraichère', 384, 1, '', 0, ''),
(688, 'FIKAMBANANA VEHIVAVY FANDROSOANA AMPASIN\'AGNOMBY', 0, 'sensibilisation,Transformation des fruits, textile (coupe et couture), vannerie, Aviculture, patisserie, charcuterie, culture maraichère', 384, 1, '', 0, ''),
(689, 'ASSOCIATION FEMME ENSEIGNANTE', 135, 'sensibilisation,Transformation des fruits, textile (coupe et couture), vannerie, Aviculture, patisserie, charcuterie, culture maraichère', 384, 1, '', 0, ''),
(690, 'MANJA MIRAIHINA', 39, 'sensibilisation,Transformation des fruits, textile (coupe et couture), vannerie, Aviculture, patisserie, charcuterie, culture maraichère', 384, 1, '', 0, ''),
(691, 'RAVINALA- MARODOKA', 25, 'sensibilisation,Transformation des fruits, textile (coupe et couture), vannerie, Aviculture, patisserie, charcuterie, culture maraichère', 384, 1, '', 0, ''),
(692, 'FAMELONA', 30, 'sensibilisation,Transformation des fruits, textile (coupe et couture), vannerie, Aviculture, patisserie, charcuterie, culture maraichère', 384, 1, '', 0, ''),
(693, 'ASSOCIATION SAVAMI- DZAMANDJAR', 30, 'sensibilisation,Transformation des fruits, textile (coupe et couture), vannerie, Aviculture, patisserie, charcuterie, culture maraichère', 384, 1, '', 0, ''),
(694, 'FIKAMBANAN’NY ZANAKA MAHAVAVY NOSY BE (FIZAMANO)- DZAMANDJAR', 20, 'sensibilisation,Transformation des fruits, textile (coupe et couture), vannerie, Aviculture, patisserie, charcuterie, culture maraichère', 384, 1, '', 0, ''),
(695, 'FEMMES BRODEUSES', 20, 'sensibilisation,Transformation des fruits, textile (coupe et couture), vannerie, Aviculture, patisserie, charcuterie, culture maraichère', 384, 1, '', 0, ''),
(696, 'MANONGALAZA BEFOTAKA', 30, 'sensibilisation,Transformation des fruits, textile (coupe et couture), vannerie, Aviculture, patisserie, charcuterie, culture maraichère', 384, 1, '', 0, ''),
(697, 'FIKAMBANAN’NY VEHIVAVY AMBALAKATAKATA', 30, 'sensibilisation,Transformation des fruits, textile (coupe et couture), vannerie, Aviculture, patisserie, charcuterie, culture maraichère', 384, 1, '', 0, ''),
(698, 'STL', 15, 'sensibilisation,Transformation des fruits, textile (coupe et couture), vannerie, Aviculture, patisserie, charcuterie, culture maraichère', 384, 1, '', 0, ''),
(699, 'TSIMAGNAVADRAZANA', 30, 'sensibilisation,Transformation des fruits, textile (coupe et couture), vannerie, Aviculture, patisserie, charcuterie, culture maraichère', 384, 1, '', 0, ''),
(700, 'V-VAHINY MIEZAKA ANTAMOTAMO', 30, 'sensibilisation,Transformation des fruits, textile (coupe et couture), vannerie, Aviculture, patisserie, charcuterie, culture maraichère', 384, 1, '', 0, ''),
(701, 'VEHIVAVY MANDROSO AMPASIKELY', 50, 'sensibilisation,Transformation des fruits, textile (coupe et couture), vannerie, Aviculture, patisserie, charcuterie, culture maraichère', 384, 1, '', 0, ''),
(702, 'FIMIMIA- AMPASIPOHY', 30, 'sensibilisation,Transformation des fruits, textile (coupe et couture), vannerie, Aviculture, patisserie, charcuterie, culture maraichère', 384, 1, '', 0, ''),
(703, 'VEHIVAVY CONTOUR BE', 50, 'sensibilisation,Transformation des fruits, textile (coupe et couture), vannerie, Aviculture, patisserie, charcuterie, culture maraichère', 384, 1, '', 0, ''),
(704, 'FIMAMINO', 50, 'sensibilisation,Transformation des fruits, textile (coupe et couture), vannerie, Aviculture, patisserie, charcuterie, culture maraichère', 384, 1, '', 0, ''),
(705, 'TEFAMI', 50, 'sensibilisation,Transformation des fruits, textile (coupe et couture), vannerie, Aviculture, patisserie, charcuterie, culture maraichère', 384, 1, '', 0, ''),
(706, 'MARAKATSAKA MIRAY', 30, 'sensibilisation,Transformation des fruits, textile (coupe et couture), vannerie, Aviculture, patisserie, charcuterie, culture maraichère', 384, 1, '', 0, ''),
(707, 'FIKAMBANANA AMBONARA MIRAY', 30, 'sensibilisation,Transformation des fruits, textile (coupe et couture), vannerie, Aviculture, patisserie, charcuterie, culture maraichère', 384, 1, '', 0, ''),
(708, 'VEHIVAVY VONONA AMBONARA', 50, 'sensibilisation,Transformation des fruits, textile (coupe et couture), vannerie, Aviculture, patisserie, charcuterie, culture maraichère', 384, 1, '', 0, ''),
(709, 'GROUPE WAWA', 20, 'sensibilisation,Transformation des fruits, textile (coupe et couture), vannerie, Aviculture, patisserie, charcuterie, culture maraichère', 384, 1, '', 0, ''),
(710, 'BEMIRAY', 50, 'sensibilisation,Transformation des fruits, textile (coupe et couture), vannerie, Aviculture, patisserie, charcuterie, culture maraichère', 384, 1, '', 0, ''),
(711, 'SAMBIRANO MITAMBATRA', 30, 'sensibilisation,Transformation des fruits, textile (coupe et couture), vannerie, Aviculture, patisserie, charcuterie, culture maraichère', 384, 1, '', 0, ''),
(712, 'FLEURS DES ILES', 20, 'sensibilisation,Transformation des fruits, textile (coupe et couture), vannerie, Aviculture, patisserie, charcuterie, culture maraichère', 384, 1, '', 0, ''),
(713, 'FIVEA AMBOHIBORY FASCENE', 30, 'sensibilisation,Transformation des fruits, textile (coupe et couture), vannerie, Aviculture, patisserie, charcuterie, culture maraichère', 384, 1, '', 0, ''),
(714, 'TIALONGO ANTSATRAKOLY', 30, 'sensibilisation,Transformation des fruits, textile (coupe et couture), vannerie, Aviculture, patisserie, charcuterie, culture maraichère', 384, 1, '', 0, ''),
(715, 'VEVHIVAVY MIRAY DJABALA HONKO', 30, 'sensibilisation,Transformation des fruits, textile (coupe et couture), vannerie, Aviculture, patisserie, charcuterie, culture maraichère', 384, 1, '', 0, ''),
(716, 'VEHIVAVY MIFANKATIA DAR- ES- SALAM', 30, 'sensibilisation,Transformation des fruits, textile (coupe et couture), vannerie, Aviculture, patisserie, charcuterie, culture maraichère', 384, 1, '', 0, ''),
(717, 'TSARADIA DJABALA HONKO', 30, 'sensibilisation,Transformation des fruits, textile (coupe et couture), vannerie, Aviculture, patisserie, charcuterie, culture maraichère', 384, 1, '', 0, ''),
(718, 'RAVINALA', 20, 'sensibilisation,Transformation des fruits, textile (coupe et couture), vannerie, Aviculture, patisserie, charcuterie, culture maraichère', 384, 1, '', 0, ''),
(719, 'BELLE FLEUR VIAVY AMBONARA', 15, 'sensibilisation,Transformation des fruits, textile (coupe et couture), vannerie, Aviculture, patisserie, charcuterie, culture maraichère', 384, 1, '', 0, ''),
(720, 'FITAMIA', 50, 'sensibilisation,Transformation des fruits, textile (coupe et couture), vannerie, Aviculture, patisserie, charcuterie, culture maraichère', 384, 1, '', 0, ''),
(721, 'FEMME AMBONARA MIRAY', 30, 'sensibilisation,Transformation des fruits, textile (coupe et couture), vannerie, Aviculture, patisserie, charcuterie, culture maraichère', 384, 1, '', 0, ''),
(722, 'FI VEHIVAVY MIRAY', 30, 'sensibilisation,Transformation des fruits, textile (coupe et couture), vannerie, Aviculture, patisserie, charcuterie, culture maraichère', 384, 1, '', 0, ''),
(723, 'PONT MAIRE MATSIATSIARY', 20, 'sensibilisation,Transformation des fruits, textile (coupe et couture), vannerie, Aviculture, patisserie, charcuterie, culture maraichère', 384, 1, '', 0, ''),
(724, 'VEHIVAVY ANDAVAKOTOKO', 30, 'sensibilisation,Transformation des fruits, textile (coupe et couture), vannerie, Aviculture, patisserie, charcuterie, culture maraichère', 384, 1, '', 0, ''),
(725, 'TRESOR DE L’ILE', 20, 'sensibilisation,Transformation des fruits, textile (coupe et couture), vannerie, Aviculture, patisserie, charcuterie, culture maraichère', 384, 1, '', 0, ''),
(726, 'NOSY ESPOIR', 50, 'sensibilisation,Transformation des fruits, textile (coupe et couture), vannerie, Aviculture, patisserie, charcuterie, culture maraichère', 384, 1, '', 0, ''),
(727, 'SAMBIRANO MITAMBATRA', 30, 'sensibilisation,Transformation des fruits, textile (coupe et couture), vannerie, Aviculture, patisserie, charcuterie, culture maraichère', 384, 1, '', 0, ''),
(728, 'MANJA', 15, 'sensibilisation,Transformation des fruits, textile (coupe et couture), vannerie, Aviculture, patisserie, charcuterie, culture maraichère', 384, 1, '', 0, ''),
(729, 'VEHIVAVY DIEGO HELY', 20, 'sensibilisation,Transformation des fruits, textile (coupe et couture), vannerie, Aviculture, patisserie, charcuterie, culture maraichère', 384, 1, '', 0, ''),
(730, 'VEHIVAVY MANDROSO DZAMANDZAR LABANDY', 20, 'sensibilisation,Transformation des fruits, textile (coupe et couture), vannerie, Aviculture, patisserie, charcuterie, culture maraichère', 384, 1, '', 0, ''),
(731, 'V MIRAY PALM BEACH', 20, 'sensibilisation,Transformation des fruits, textile (coupe et couture), vannerie, Aviculture, patisserie, charcuterie, culture maraichère', 384, 1, '', 0, ''),
(732, 'V TSY MISARAKA DZAMADZAR AMPASY', 20, 'sensibilisation,Transformation des fruits, textile (coupe et couture), vannerie, Aviculture, patisserie, charcuterie, culture maraichère', 384, 1, '', 0, ''),
(733, 'V-PLAGE DE LANGOUSTE DZAMANDZAR AMPASY', 20, 'sensibilisation,Transformation des fruits, textile (coupe et couture), vannerie, Aviculture, patisserie, charcuterie, culture maraichère', 384, 1, '', 0, ''),
(734, 'FIVEBAMY BEFOTAKA', 20, 'sensibilisation,Transformation des fruits, textile (coupe et couture), vannerie, Aviculture, patisserie, charcuterie, culture maraichère', 384, 1, '', 0, ''),
(735, 'FIVEMITO ANTAFONDRO', 20, 'sensibilisation,Transformation des fruits, textile (coupe et couture), vannerie, Aviculture, patisserie, charcuterie, culture maraichère', 384, 1, '', 0, ''),
(736, 'ZASOVA (FARSONO)', 20, 'sensibilisation,Transformation des fruits, textile (coupe et couture), vannerie, Aviculture, patisserie, charcuterie, culture maraichère', 384, 1, '', 0, ''),
(737, 'MAMA VAOVAO AMBATOZAVAVY', 20, 'sensibilisation,Transformation des fruits, textile (coupe et couture), vannerie, Aviculture, patisserie, charcuterie, culture maraichère', 384, 1, '', 0, ''),
(738, 'VENDEUSE', 20, 'sensibilisation,Transformation des fruits, textile (coupe et couture), vannerie, Aviculture, patisserie, charcuterie, culture maraichère', 384, 1, '', 0, ''),
(739, 'TIALONGO', 20, 'sensibilisation,Transformation des fruits, textile (coupe et couture), vannerie, Aviculture, patisserie, charcuterie, culture maraichère', 384, 1, '', 0, ''),
(740, 'V-MIFANKATIA ANDRIANA', 20, 'sensibilisation,Transformation des fruits, textile (coupe et couture), vannerie, Aviculture, patisserie, charcuterie, culture maraichère', 384, 1, '', 0, ''),
(741, 'V MAHIRATRA ANDIMAKABO', 20, 'sensibilisation,Transformation des fruits, textile (coupe et couture), vannerie, Aviculture, patisserie, charcuterie, culture maraichère', 384, 1, '', 0, ''),
(742, 'V-TSARA ZAITRY AMPANGORINA', 15, 'sensibilisation,Transformation des fruits, textile (coupe et couture), vannerie, Aviculture, patisserie, charcuterie, culture maraichère', 384, 1, '', 0, ''),
(743, 'FIVHD', 20, 'sensibilisation,Transformation des fruits, textile (coupe et couture), vannerie, Aviculture, patisserie, charcuterie, culture maraichère', 384, 1, '', 0, ''),
(744, 'V-TSIKY AKALAMPOBE', 20, 'sensibilisation,Transformation des fruits, textile (coupe et couture), vannerie, Aviculture, patisserie, charcuterie, culture maraichère', 384, 1, '', 0, ''),
(745, 'FANELONA AMPORA', 20, 'sensibilisation,Transformation des fruits, textile (coupe et couture), vannerie, Aviculture, patisserie, charcuterie, culture maraichère', 384, 1, '', 0, ''),
(746, 'MANONGALAZA BEFOTAKA', 20, 'sensibilisation,Transformation des fruits, textile (coupe et couture), vannerie, Aviculture, patisserie, charcuterie, culture maraichère', 384, 1, '', 0, ''),
(747, 'JEUNE FILLE AMPAGORINA', 20, 'sensibilisation,Transformation des fruits, textile (coupe et couture), vannerie, Aviculture, patisserie, charcuterie, culture maraichère', 384, 1, '', 0, ''),
(748, 'MIRAY AINA', 20, 'sensibilisation,Transformation des fruits, textile (coupe et couture), vannerie, Aviculture, patisserie, charcuterie, culture maraichère', 384, 1, '', 0, ''),
(749, 'TANORA VEHIVAVY MIRAY AMPANGORINA', 20, 'sensibilisation,Transformation des fruits, textile (coupe et couture), vannerie, Aviculture, patisserie, charcuterie, culture maraichère', 384, 1, '', 0, ''),
(750, 'FASOMINO DZAMANDZAR', 20, 'sensibilisation,Transformation des fruits, textile (coupe et couture), vannerie, Aviculture, patisserie, charcuterie, culture maraichère', 384, 1, '', 0, ''),
(751, 'V-LA BANDE MIRAY', 20, 'sensibilisation,Transformation des fruits, textile (coupe et couture), vannerie, Aviculture, patisserie, charcuterie, culture maraichère', 384, 1, '', 0, ''),
(752, 'MIFAMELOGNO', 20, 'sensibilisation,Transformation des fruits, textile (coupe et couture), vannerie, Aviculture, patisserie, charcuterie, culture maraichère', 384, 1, '', 0, ''),
(753, 'SAVAMI DZAMADZAR', 20, 'sensibilisation,Transformation des fruits, textile (coupe et couture), vannerie, Aviculture, patisserie, charcuterie, culture maraichère', 384, 1, '', 0, ''),
(754, 'FIVEMITO', 20, 'sensibilisation,Transformation des fruits, textile (coupe et couture), vannerie, Aviculture, patisserie, charcuterie, culture maraichère', 384, 1, '', 0, ''),
(755, 'FIVEMIA ANDIMAKABO', 20, 'sensibilisation,Transformation des fruits, textile (coupe et couture), vannerie, Aviculture, patisserie, charcuterie, culture maraichère', 384, 1, '', 0, ''),
(756, 'V-MIARA DIA ATSARAHALOKO', 20, 'sensibilisation,Transformation des fruits, textile (coupe et couture), vannerie, Aviculture, patisserie, charcuterie, culture maraichère', 384, 1, '', 0, ''),
(757, 'MIARA MIZOTRA BEMANGNODRO BE', 20, 'sensibilisation,Transformation des fruits, textile (coupe et couture), vannerie, Aviculture, patisserie, charcuterie, culture maraichère', 384, 1, '', 0, ''),
(758, 'V-VAGNONO MIARO LOKOBE', 20, 'sensibilisation,Transformation des fruits, textile (coupe et couture), vannerie, Aviculture, patisserie, charcuterie, culture maraichère', 384, 1, '', 0, ''),
(759, 'V-MIFANKATIA MAHAZANDRY', 30, 'sensibilisation,Transformation des fruits, textile (coupe et couture), vannerie, Aviculture, patisserie, charcuterie, culture maraichère', 384, 1, '', 0, ''),
(760, 'FIVEA AMPASIPOHY', 20, 'sensibilisation,Transformation des fruits, textile (coupe et couture), vannerie, Aviculture, patisserie, charcuterie, culture maraichère', 384, 1, '', 0, ''),
(761, 'FIVEMITO ANTAFONDRO', 20, 'sensibilisation,Transformation des fruits, textile (coupe et couture), vannerie, Aviculture, patisserie, charcuterie, culture maraichère', 384, 1, '', 0, ''),
(762, 'FI VE MA BEMAGNODRO BE', 50, 'sensibilisation,Transformation des fruits, textile (coupe et couture), vannerie, Aviculture, patisserie, charcuterie, culture maraichère', 384, 1, '', 0, ''),
(763, 'FI VE FA MA MAROKINDRO', 20, 'sensibilisation,Transformation des fruits, textile (coupe et couture), vannerie, Aviculture, patisserie, charcuterie, culture maraichère', 384, 1, '', 0, ''),
(764, 'FI VE FA MA MAROKINDRO', 30, 'sensibilisation,Transformation des fruits, textile (coupe et couture), vannerie, Aviculture, patisserie, charcuterie, culture maraichère', 384, 1, '', 0, ''),
(765, 'FI VE MA ANDRANOBE', 20, 'sensibilisation,Transformation des fruits, textile (coupe et couture), vannerie, Aviculture, patisserie, charcuterie, culture maraichère', 384, 1, '', 0, ''),
(766, 'F R T M WANDRA AMBANORO', 20, 'sensibilisation,Transformation des fruits, textile (coupe et couture), vannerie, Aviculture, patisserie, charcuterie, culture maraichère', 384, 1, '', 0, ''),
(767, 'MANDROSO BE RAMBO FASCENE', 30, 'sensibilisation,Transformation des fruits, textile (coupe et couture), vannerie, Aviculture, patisserie, charcuterie, culture maraichère', 384, 1, '', 0, ''),
(768, 'V-MPIOMBONA BRODEUSE CAMP -VERT', 20, 'sensibilisation,Transformation des fruits, textile (coupe et couture), vannerie, Aviculture, patisserie, charcuterie, culture maraichère', 384, 1, '', 0, ''),
(769, 'V-MIARA DIA ANDREKAREKA AMPASIBE', 20, 'sensibilisation,Transformation des fruits, textile (coupe et couture), vannerie, Aviculture, patisserie, charcuterie, culture maraichère', 384, 1, '', 0, ''),
(770, 'FI VE MI SA DJABALA BE', 30, 'sensibilisation,Transformation des fruits, textile (coupe et couture), vannerie, Aviculture, patisserie, charcuterie, culture maraichère', 384, 1, '', 0, ''),
(771, 'FI VI MI MA MAHAZANDRY', 50, 'sensibilisation,Transformation des fruits, textile (coupe et couture), vannerie, Aviculture, patisserie, charcuterie, culture maraichère', 384, 1, '', 0, ''),
(772, 'TSY KIVY ANDRIANAKONKO', 20, 'sensibilisation,Transformation des fruits, textile (coupe et couture), vannerie, Aviculture, patisserie, charcuterie, culture maraichère', 384, 1, '', 0, ''),
(773, 'BELLE FLEUR AMBANORO', 20, 'sensibilisation,Transformation des fruits, textile (coupe et couture), vannerie, Aviculture, patisserie, charcuterie, culture maraichère', 384, 1, '', 0, ''),
(774, 'GROUPE FEMME VOLAZARA AMNBATOZAVAVY', 20, 'sensibilisation,Transformation des fruits, textile (coupe et couture), vannerie, Aviculture, patisserie, charcuterie, culture maraichère', 384, 1, '', 0, ''),
(775, 'TSY MAGNAVA –DRAZANA ANJIABE', 20, 'sensibilisation,Transformation des fruits, textile (coupe et couture), vannerie, Aviculture, patisserie, charcuterie, culture maraichère', 384, 1, '', 0, ''),
(776, 'ANDRAHIBO MIRAY', 20, 'sensibilisation,Transformation des fruits, textile (coupe et couture), vannerie, Aviculture, patisserie, charcuterie, culture maraichère', 384, 1, '', 0, ''),
(777, 'FI ZA PE NO DAR –ES- SALAM', 20, 'sensibilisation,Transformation des fruits, textile (coupe et couture), vannerie, Aviculture, patisserie, charcuterie, culture maraichère', 384, 1, '', 0, ''),
(778, 'FI VO NE TA FA FASCENE GARE', 30, 'sensibilisation,Transformation des fruits, textile (coupe et couture), vannerie, Aviculture, patisserie, charcuterie, culture maraichère', 384, 1, '', 0, ''),
(779, 'MANONGALAZA BEFOTAKA', 20, 'sensibilisation,Transformation des fruits, textile (coupe et couture), vannerie, Aviculture, patisserie, charcuterie, culture maraichère', 384, 1, '', 0, ''),
(780, 'FI-V MIRAY HINA TANAMBAO FASCENE', 20, 'sensibilisation,Transformation des fruits, textile (coupe et couture), vannerie, Aviculture, patisserie, charcuterie, culture maraichère', 384, 1, '', 0, ''),
(781, 'TSARA MASOANDRA FASCENE GARE', 20, 'sensibilisation,Transformation des fruits, textile (coupe et couture), vannerie, Aviculture, patisserie, charcuterie, culture maraichère', 384, 1, '', 0, ''),
(782, 'V-VOGNONO HIARO LOKOBE ANTAFODRO', 20, 'sensibilisation,Transformation des fruits, textile (coupe et couture), vannerie, Aviculture, patisserie, charcuterie, culture maraichère', 384, 1, '', 0, ''),
(783, 'MANONGALAZA ANJIABE', 20, 'sensibilisation,Transformation des fruits, textile (coupe et couture), vannerie, Aviculture, patisserie, charcuterie, culture maraichère', 384, 1, '', 0, ''),
(784, 'MANONGALAZA NAVENTSY', 20, 'sensibilisation,Transformation des fruits, textile (coupe et couture), vannerie, Aviculture, patisserie, charcuterie, culture maraichère', 384, 1, '', 0, ''),
(785, 'ASS FITIAVANA NAVENTSY', 20, 'sensibilisation,Transformation des fruits, textile (coupe et couture), vannerie, Aviculture, patisserie, charcuterie, culture maraichère', 384, 1, '', 0, ''),
(786, 'TSARALAZA ANTITOROGNO', 20, 'sensibilisation,Transformation des fruits, textile (coupe et couture), vannerie, Aviculture, patisserie, charcuterie, culture maraichère', 384, 1, '', 0, ''),
(787, 'V-VAHINY TSY KIVY AMPASI BE', 20, 'sensibilisation,Transformation des fruits, textile (coupe et couture), vannerie, Aviculture, patisserie, charcuterie, culture maraichère', 384, 1, '', 0, ''),
(788, 'MIRAY HINA BE LAMANDY AMPANGORINA', 20, 'sensibilisation,Transformation des fruits, textile (coupe et couture), vannerie, Aviculture, patisserie, charcuterie, culture maraichère', 384, 1, '', 0, ''),
(789, 'ANDRAHIBO MIRAY ANDRAHIBO', 20, 'sensibilisation,Transformation des fruits, textile (coupe et couture), vannerie, Aviculture, patisserie, charcuterie, culture maraichère', 384, 1, '', 0, ''),
(790, 'MIARA MAMINDRA MAHAZANDRY', 20, 'sensibilisation,Transformation des fruits, textile (coupe et couture), vannerie, Aviculture, patisserie, charcuterie, culture maraichère', 384, 1, '', 0, ''),
(791, 'MIFAMELOGNO AMPORAHA', 20, 'sensibilisation,Transformation des fruits, textile (coupe et couture), vannerie, Aviculture, patisserie, charcuterie, culture maraichère', 384, 1, '', 0, ''),
(792, 'ANDRIANA YLANG MAROMAGNIRY', 20, 'sensibilisation,Transformation des fruits, textile (coupe et couture), vannerie, Aviculture, patisserie, charcuterie, culture maraichère', 384, 1, '', 0, ''),
(793, 'MARO MADINIKY ZAFINY FOTSY ANALAKETRAKA MAROMAGNIRY', 20, 'sensibilisation,Transformation des fruits, textile (coupe et couture), vannerie, Aviculture, patisserie, charcuterie, culture maraichère', 384, 1, '', 0, ''),
(794, 'V-MAHIRATRA ANDIMAKABO', 20, 'sensibilisation,Transformation des fruits, textile (coupe et couture), vannerie, Aviculture, patisserie, charcuterie, culture maraichère', 384, 1, '', 0, ''),
(795, 'SAMBIRANO MITAMBATRA ANDROANDROATRA', 20, 'sensibilisation,Transformation des fruits, textile (coupe et couture), vannerie, Aviculture, patisserie, charcuterie, culture maraichère', 384, 1, '', 0, ''),
(796, 'HAVAN’NY MARO marodoka', 20, 'sensibilisation,Transformation des fruits, textile (coupe et couture), vannerie, Aviculture, patisserie, charcuterie, culture maraichère', 384, 1, '', 0, ''),
(797, 'VENDEUSE DZAMADZAR AMPASY', 10, 'sensibilisation,Transformation des fruits, textile (coupe et couture), vannerie, Aviculture, patisserie, charcuterie, culture maraichère', 384, 1, '', 0, ''),
(798, 'V-MAHIRATRA ANDIMAKABO', 20, 'sensibilisation,Transformation des fruits, textile (coupe et couture), vannerie, Aviculture, patisserie, charcuterie, culture maraichère', 384, 1, '', 0, ''),
(799, 'FISAMI', 20, 'sensibilisation,Transformation des fruits, textile (coupe et couture), vannerie, Aviculture, patisserie, charcuterie, culture maraichère', 384, 1, '', 0, ''),
(800, 'VOGNONO ANDROSO ANTAMOTAMO', 20, 'sensibilisation,Transformation des fruits, textile (coupe et couture), vannerie, Aviculture, patisserie, charcuterie, culture maraichère', 384, 1, '', 0, ''),
(801, 'BEMIRAY', 20, 'sensibilisation,Transformation des fruits, textile (coupe et couture), vannerie, Aviculture, patisserie, charcuterie, culture maraichère', 384, 1, '', 0, ''),
(802, 'FIVEA AMBATOZAVAVY', 20, 'sensibilisation,Transformation des fruits, textile (coupe et couture), vannerie, Aviculture, patisserie, charcuterie, culture maraichère', 384, 1, '', 0, ''),
(803, 'VEHIVAVY MIFANKATIA MENAMPINGO', 30, 'sensibilisation,Transformation des fruits, textile (coupe et couture), vannerie, Aviculture, patisserie, charcuterie, culture maraichère', 384, 1, '', 0, ''),
(804, 'VONDRONA AMBONDRONA', 20, 'sensibilisation,Transformation des fruits, textile (coupe et couture), vannerie, Aviculture, patisserie, charcuterie, culture maraichère', 384, 1, '', 0, ''),
(805, 'FI.TA.FO.A', 35, 'sensibilisation,Transformation des fruits, textile (coupe et couture), vannerie, Aviculture, patisserie, charcuterie, culture maraichère', 384, 1, '', 0, ''),
(806, 'FI.ZA.BE.MA', 40, 'sensibilisation,Transformation des fruits, textile (coupe et couture), vannerie, Aviculture, patisserie, charcuterie, culture maraichère', 384, 1, '', 0, ''),
(807, 'VEHIVAVY TSY MISARAKA', 30, 'sensibilisation,Transformation des fruits, textile (coupe et couture), vannerie, Aviculture, patisserie, charcuterie, culture maraichère', 384, 1, '', 0, ''),
(808, 'TANORA MIADRANDRA NY HOAVY T.M.H', 40, 'sensibilisation,Transformation des fruits, textile (coupe et couture), vannerie, Aviculture, patisserie, charcuterie, culture maraichère', 384, 1, '', 0, ''),
(809, 'RAVINALA (Association des Femmes Culturel à Marodoka)', 60, 'sensibilisation,Transformation des fruits, textile (coupe et couture), vannerie, Aviculture, patisserie, charcuterie, culture maraichère', 384, 1, '', 0, ''),
(810, 'FIKAMBANANA BETSILEO', 115, 'sensibilisation,Transformation des fruits, textile (coupe et couture), vannerie, Aviculture, patisserie, charcuterie, culture maraichère', 384, 1, '', 0, ''),
(811, 'BEMINO', 500, 'sensibilisation,Transformation des fruits, textile (coupe et couture), vannerie, Aviculture, patisserie, charcuterie, culture maraichère', 384, 1, '', 0, ''),
(812, 'A.M.M.H.M (Manja Miraihina Madirokely)', 25, 'sensibilisation,Transformation des fruits, textile (coupe et couture), vannerie, Aviculture, patisserie, charcuterie, culture maraichère', 384, 1, '', 0, ''),
(813, 'FI.ZA.NO.MI.NO. (Fikambanan\'ny Zanaka Nosy-Bé Faly eto Nosy-Bé)', 25, 'sensibilisation,Transformation des fruits, textile (coupe et couture), vannerie, Aviculture, patisserie, charcuterie, culture maraichère', 384, 1, '', 0, ''),
(814, 'Association Matsiatsiary Pont ny Maire', 30, 'sensibilisation,Transformation des fruits, textile (coupe et couture), vannerie, Aviculture, patisserie, charcuterie, culture maraichère', 384, 1, '', 0, ''),
(815, 'Fikambanan\'ny Mpiompy Manongalaza Nosy-Bé (FMMN)', 20, 'sensibilisation,Transformation des fruits, textile (coupe et couture), vannerie, Aviculture, patisserie, charcuterie, culture maraichère', 384, 1, '', 0, ''),
(816, 'VVHT', 50, 'sensibilisation,Transformation des fruits, textile (coupe et couture), vannerie, Aviculture, patisserie, charcuterie, culture maraichère', 384, 1, '', 0, ''),
(817, 'AAPN', 0, 'sensibilisation,Transformation des fruits, textile (coupe et couture), vannerie, Aviculture, patisserie, charcuterie, culture maraichère', 384, 1, '', 0, ''),
(818, 'TOURISTIQUE', 42, 'sensibilisation,Transformation des fruits, textile (coupe et couture), vannerie, Aviculture, patisserie, charcuterie, culture maraichère', 384, 1, '', 0, ''),
(819, 'VEHIVAVY AVOTRA', 48, 'sensibilisation,Transformation des fruits, textile (coupe et couture), vannerie, Aviculture, patisserie, charcuterie, culture maraichère', 384, 1, '', 0, ''),
(820, 'Ambany Hopital Be Miray', 30, 'sensibilisation,Transformation des fruits, textile (coupe et couture), vannerie, Aviculture, patisserie, charcuterie, culture maraichère', 384, 1, '', 0, ''),
(821, 'ASSOCIATION CIVILLE APOLITIQUE', 60, 'sensibilisation,Transformation des fruits, textile (coupe et couture), vannerie, Aviculture, patisserie, charcuterie, culture maraichère', 384, 1, '', 0, ''),
(822, '3MR: Mpiasam-Panjakana Misotro Ronono', 248, 'sensibilisation,Transformation des fruits, textile (coupe et couture), vannerie, Aviculture, patisserie, charcuterie, culture maraichère', 384, 1, '', 0, ''),
(823, 'FIMPABE : Fivoaran\'ny Mpanjono Bemanondrobe', 10, 'sensibilisation,Transformation des fruits, textile (coupe et couture), vannerie, Aviculture, patisserie, charcuterie, culture maraichère', 384, 1, '', 0, '');
INSERT INTO `association` (`id`, `nom`, `membre`, `activite`, `commune_id`, `type_association_id`, `nom_president`, `nif_stat`, `numero_recepisse`) VALUES
(824, 'FIKAMBANANA TARANAKA ANTIFAGNAMBANA (FITANO)', 60, 'sensibilisation,Transformation des fruits, textile (coupe et couture), vannerie, Aviculture, patisserie, charcuterie, culture maraichère', 384, 1, '', 0, ''),
(825, 'ASSOCIATION POUR LE DEVELOPPEMENT DE LA PLAGE DE LANGOUSTE (ADE PTA)', 30, 'sensibilisation,Transformation des fruits, textile (coupe et couture), vannerie, Aviculture, patisserie, charcuterie, culture maraichère', 384, 1, '', 0, ''),
(826, 'FIZABEMA', 40, 'sensibilisation,Transformation des fruits, textile (coupe et couture), vannerie, Aviculture, patisserie, charcuterie, culture maraichère', 384, 1, '', 0, ''),
(827, 'FIBEMINO', 50, 'sensibilisation,Transformation des fruits, textile (coupe et couture), vannerie, Aviculture, patisserie, charcuterie, culture maraichère', 384, 1, '', 0, ''),
(828, 'VASOVA', 120, 'sensibilisation,Transformation des fruits, textile (coupe et couture), vannerie, Aviculture, patisserie, charcuterie, culture maraichère', 384, 1, '', 0, ''),
(829, 'FEDERATION C.L.B \"TARATRA\" NOSY-BE', 32, 'sensibilisation,Transformation des fruits, textile (coupe et couture), vannerie, Aviculture, patisserie, charcuterie, culture maraichère', 384, 1, '', 0, ''),
(830, 'NOSY-BE MANJARY', 12, 'sensibilisation,Transformation des fruits, textile (coupe et couture), vannerie, Aviculture, patisserie, charcuterie, culture maraichère', 384, 1, '', 0, ''),
(831, 'F.M.M.T (Fikambanan\'ny Mpanjono Miaro ny Tontoloiainana', 26, 'sensibilisation,Transformation des fruits, textile (coupe et couture), vannerie, Aviculture, patisserie, charcuterie, culture maraichère', 384, 1, '', 0, ''),
(832, 'MPAMBOLY MIFANDRAY', 30, 'sensibilisation,Transformation des fruits, textile (coupe et couture), vannerie, Aviculture, patisserie, charcuterie, culture maraichère', 384, 1, '', 0, ''),
(833, 'DOKERA FIDOMA', 40, 'sensibilisation,Transformation des fruits, textile (coupe et couture), vannerie, Aviculture, patisserie, charcuterie, culture maraichère', 384, 1, '', 0, ''),
(834, 'FPA (Fikambanana Mpamovo Antitorona Nosy Komba)', 25, 'sensibilisation,Transformation des fruits, textile (coupe et couture), vannerie, Aviculture, patisserie, charcuterie, culture maraichère', 384, 1, '', 0, ''),
(835, 'FITAD (Fikamabanan\'ny Tantsaha ao Djabal-Be', 40, 'sensibilisation,Transformation des fruits, textile (coupe et couture), vannerie, Aviculture, patisserie, charcuterie, culture maraichère', 384, 1, '', 0, ''),
(836, 'FIKAMABANAN\'NY MPANAO ASAN-TANANA ETO AMBATOLOAKA', 60, 'sensibilisation,Transformation des fruits, textile (coupe et couture), vannerie, Aviculture, patisserie, charcuterie, culture maraichère', 384, 1, '', 0, ''),
(837, 'ADM (Association Dzamandzar Miray)', 45, 'sensibilisation,Transformation des fruits, textile (coupe et couture), vannerie, Aviculture, patisserie, charcuterie, culture maraichère', 384, 1, '', 0, ''),
(838, 'FEDERATION DE LA COMMUNAUTE LOCALE TARATRA NOSY BE', 70, 'sensibilisation,Transformation des fruits, textile (coupe et couture), vannerie, Aviculture, patisserie, charcuterie, culture maraichère', 384, 1, '', 0, ''),
(839, 'FIKAMBANANAN\'NY MPANJONO MIRARY ETO DZAMANDZAR', 60, 'sensibilisation,Transformation des fruits, textile (coupe et couture), vannerie, Aviculture, patisserie, charcuterie, culture maraichère', 384, 1, '', 0, ''),
(840, 'FIKAMBANAN\'NY MAHATSINJA MIRAY HINA', 30, 'sensibilisation,Transformation des fruits, textile (coupe et couture), vannerie, Aviculture, patisserie, charcuterie, culture maraichère', 384, 1, '', 0, ''),
(841, 'ASSOCIATION DES ARTISANANTS PROFESSIONNELLES DE NOSY-BE', 70, 'sensibilisation,Transformation des fruits, textile (coupe et couture), vannerie, Aviculture, patisserie, charcuterie, culture maraichère', 384, 1, '', 0, ''),
(842, 'ASSOCIATION APE CNED NOSY-BE', 150, 'sensibilisation,Transformation des fruits, textile (coupe et couture), vannerie, Aviculture, patisserie, charcuterie, culture maraichère', 384, 1, '', 0, ''),
(843, 'Association syndicale La Résidence Home Copropriété 2', 15, 'sensibilisation,Transformation des fruits, textile (coupe et couture), vannerie, Aviculture, patisserie, charcuterie, culture maraichère', 384, 1, '', 0, ''),
(844, 'AVOTRA TANAMBAO', 60, 'sensibilisation,Transformation des fruits, textile (coupe et couture), vannerie, Aviculture, patisserie, charcuterie, culture maraichère', 384, 1, '', 0, ''),
(845, 'PLONGEUR MIRAY HINA DZAMANDZAR', 80, 'sensibilisation,Transformation des fruits, textile (coupe et couture), vannerie, Aviculture, patisserie, charcuterie, culture maraichère', 384, 1, '', 0, ''),
(846, 'TAMIFIFA (Tanora Mitandro ny Fihavanana sy Fandrosoana)', 150, 'sensibilisation,Transformation des fruits, textile (coupe et couture), vannerie, Aviculture, patisserie, charcuterie, culture maraichère', 384, 1, '', 0, ''),
(847, 'FITATA (Fikambanan\'ny Taxi-man Tavaratra)', 60, 'sensibilisation,Transformation des fruits, textile (coupe et couture), vannerie, Aviculture, patisserie, charcuterie, culture maraichère', 384, 1, '', 0, ''),
(848, 'Syndicat Autonome LOVINJO Ambariobe Nosy-Be', 45, 'sensibilisation,Transformation des fruits, textile (coupe et couture), vannerie, Aviculture, patisserie, charcuterie, culture maraichère', 384, 1, '', 0, ''),
(849, 'FIKAMBANANA BE377 ANTITORONA', 100, 'sensibilisation,Transformation des fruits, textile (coupe et couture), vannerie, Aviculture, patisserie, charcuterie, culture maraichère', 384, 1, '', 0, ''),
(850, 'FIKAMBANAN\'NY MPIOMPY SY MPAMBOLY HAZO AO TANAMBAO (FMNHT)', 130, 'sensibilisation,Transformation des fruits, textile (coupe et couture), vannerie, Aviculture, patisserie, charcuterie, culture maraichère', 384, 1, '', 0, ''),
(851, 'KIMANO (KINTANA MAIVA NOSY-BE)', 250, 'sensibilisation,Transformation des fruits, textile (coupe et couture), vannerie, Aviculture, patisserie, charcuterie, culture maraichère', 384, 1, '', 0, ''),
(852, 'ZG (Zanak\'i Gasikara)', 80, 'sensibilisation,Transformation des fruits, textile (coupe et couture), vannerie, Aviculture, patisserie, charcuterie, culture maraichère', 384, 1, '', 0, ''),
(853, 'ADPJ (Association pour le développement et la promotion de la jeunesse)', 60, 'sensibilisation,Transformation des fruits, textile (coupe et couture), vannerie, Aviculture, patisserie, charcuterie, culture maraichère', 384, 1, '', 0, ''),
(854, 'FIFOAREKA (Fikamabanan\'ny Fokonolona Ampandroso Andrekareka)', 30, 'sensibilisation,Transformation des fruits, textile (coupe et couture), vannerie, Aviculture, patisserie, charcuterie, culture maraichère', 384, 1, '', 0, ''),
(855, 'FAMH (Fikambanana Andranolelahy Miray Hina', 25, 'sensibilisation,Transformation des fruits, textile (coupe et couture), vannerie, Aviculture, patisserie, charcuterie, culture maraichère', 384, 1, '', 0, ''),
(856, 'VIVETIFA (Fikambanan\'ny Vehivavy Tia Fandrosoana Ampasinaomby)', 65, 'sensibilisation,Transformation des fruits, textile (coupe et couture), vannerie, Aviculture, patisserie, charcuterie, culture maraichère', 384, 1, '', 0, ''),
(857, 'Assemblée Monotheiste \"DJAMAAT TAWHID\"', 250, 'sensibilisation,Transformation des fruits, textile (coupe et couture), vannerie, Aviculture, patisserie, charcuterie, culture maraichère', 384, 1, '', 0, ''),
(858, 'ASSOCIATION POUR LA PROTECTION DES ENFANTS VULNERABLES (APEV)', 30, 'sensibilisation,Transformation des fruits, textile (coupe et couture), vannerie, Aviculture, patisserie, charcuterie, culture maraichère', 384, 1, '', 0, ''),
(859, 'COLLINE DU GOLF COPPROPRIETE', 12, 'sensibilisation,Transformation des fruits, textile (coupe et couture), vannerie, Aviculture, patisserie, charcuterie, culture maraichère', 384, 1, '', 0, ''),
(860, 'FPHN (Fikambanan\'ny Mpiasan\'ny Hotgel Eto Nosy-Be', 230, 'sensibilisation,Transformation des fruits, textile (coupe et couture), vannerie, Aviculture, patisserie, charcuterie, culture maraichère', 384, 1, '', 0, ''),
(861, 'Fikambanan\'ny Alphabetiseur de Nosy-be (FANO)', 42, 'sensibilisation,Transformation des fruits, textile (coupe et couture), vannerie, Aviculture, patisserie, charcuterie, culture maraichère', 384, 1, '', 0, ''),
(862, 'ASSOCIATION POUR LE SECOURIR ET ACCUEIL DES ENFANTS ORPHELINS ET LES MARGINAUX', 25, 'sensibilisation,Transformation des fruits, textile (coupe et couture), vannerie, Aviculture, patisserie, charcuterie, culture maraichère', 384, 1, '', 0, ''),
(863, 'FIKAMBANAN\'NY BEMAZA MIRAY ETO NOSY BE', 150, 'sensibilisation,Transformation des fruits, textile (coupe et couture), vannerie, Aviculture, patisserie, charcuterie, culture maraichère', 384, 1, '', 0, ''),
(864, 'FIVEPAMI (Fikambanan\'ny Vehivavy Mpanjono Miaramihentana Ambalahonko sy Tafondro)', 120, 'sensibilisation,Transformation des fruits, textile (coupe et couture), vannerie, Aviculture, patisserie, charcuterie, culture maraichère', 384, 1, '', 0, ''),
(865, 'Fikambanana Teraka ANDRIANTSOLY BAKO COLBERT', 130, 'sensibilisation,Transformation des fruits, textile (coupe et couture), vannerie, Aviculture, patisserie, charcuterie, culture maraichère', 384, 1, '', 0, ''),
(866, 'TANORA MIRAY AMBATOLOAKA DAR ES SALAM', 60, 'sensibilisation,Transformation des fruits, textile (coupe et couture), vannerie, Aviculture, patisserie, charcuterie, culture maraichère', 384, 1, '', 0, ''),
(867, 'Fikambanan\'ny Antemoro Avy Any Mnakara Eto Nosy-Be (FI A MA NO)', 250, 'sensibilisation,Transformation des fruits, textile (coupe et couture), vannerie, Aviculture, patisserie, charcuterie, culture maraichère', 384, 1, '', 0, ''),
(868, 'ECOBLU', 15, 'sensibilisation,Transformation des fruits, textile (coupe et couture), vannerie, Aviculture, patisserie, charcuterie, culture maraichère', 384, 1, '', 0, ''),
(869, 'Association dite Jeune Fianarantsoa Miray', 180, 'sensibilisation,Transformation des fruits, textile (coupe et couture), vannerie, Aviculture, patisserie, charcuterie, culture maraichère', 384, 1, '', 0, ''),
(870, 'Association Mixte de Pêche, d\'Agriculture et d\'Elevage', 55, 'sensibilisation,Transformation des fruits, textile (coupe et couture), vannerie, Aviculture, patisserie, charcuterie, culture maraichère', 384, 1, '', 0, ''),
(871, 'Association des Jeunes Solidaires de Nosy-Be (JSN)', 40, 'sensibilisation,Transformation des fruits, textile (coupe et couture), vannerie, Aviculture, patisserie, charcuterie, culture maraichère', 384, 1, '', 0, ''),
(872, 'ANM (Association Nosy-be Mifankatia)', 80, 'sensibilisation,Transformation des fruits, textile (coupe et couture), vannerie, Aviculture, patisserie, charcuterie, culture maraichère', 384, 1, '', 0, ''),
(873, 'Association de Transport de Marchandise au Port (APMP)', 60, 'sensibilisation,Transformation des fruits, textile (coupe et couture), vannerie, Aviculture, patisserie, charcuterie, culture maraichère', 384, 1, '', 0, ''),
(874, 'Association des Français de Nosy-Be', 300, 'sensibilisation,Transformation des fruits, textile (coupe et couture), vannerie, Aviculture, patisserie, charcuterie, culture maraichère', 384, 1, '', 0, ''),
(875, 'Fikambanan\'ny Marin Miray Hina eto Nosy-Be', 150, 'sensibilisation,Transformation des fruits, textile (coupe et couture), vannerie, Aviculture, patisserie, charcuterie, culture maraichère', 384, 1, '', 0, ''),
(876, 'Fikambanan\'ny Zanaka Managnano eto Nosy-Be', 200, 'sensibilisation,Transformation des fruits, textile (coupe et couture), vannerie, Aviculture, patisserie, charcuterie, culture maraichère', 384, 1, '', 0, ''),
(877, 'ZARA FOUNDATION', 20, 'sensibilisation,Transformation des fruits, textile (coupe et couture), vannerie, Aviculture, patisserie, charcuterie, culture maraichère', 384, 1, '', 0, ''),
(878, 'Association des Jeune Chauffeurs de Bajaj Dzamandzar (AJCBD)', 250, 'sensibilisation,Transformation des fruits, textile (coupe et couture), vannerie, Aviculture, patisserie, charcuterie, culture maraichère', 384, 1, '', 0, ''),
(879, 'ZANATANY MIRAY', 40, 'sensibilisation,Transformation des fruits, textile (coupe et couture), vannerie, Aviculture, patisserie, charcuterie, culture maraichère', 384, 1, '', 0, ''),
(880, 'AJMD (Association des Jeunes Musulmans pour le Développements)', 60, 'sensibilisation,Transformation des fruits, textile (coupe et couture), vannerie, Aviculture, patisserie, charcuterie, culture maraichère', 384, 1, '', 0, ''),
(881, 'Association de Construction Btiment à Nosy-Be (ACOBANO)', 20, 'sensibilisation,Transformation des fruits, textile (coupe et couture), vannerie, Aviculture, patisserie, charcuterie, culture maraichère', 384, 1, '', 0, ''),
(882, 'Association d\'Aides aux Mères Malgaches (2A2M)', 50, 'sensibilisation,Transformation des fruits, textile (coupe et couture), vannerie, Aviculture, patisserie, charcuterie, culture maraichère', 384, 1, '', 0, ''),
(883, 'AJMASA (Association des Jeunes Marins de Sakati)', 40, 'sensibilisation,Transformation des fruits, textile (coupe et couture), vannerie, Aviculture, patisserie, charcuterie, culture maraichère', 384, 1, '', 0, ''),
(884, 'Madagascar Ressort Association', 20, 'sensibilisation,Transformation des fruits, textile (coupe et couture), vannerie, Aviculture, patisserie, charcuterie, culture maraichère', 384, 1, '', 0, ''),
(885, 'FVMB (Fikambanan\'ny Vehivavy Mandroso Berambo)', 110, 'sensibilisation,Transformation des fruits, textile (coupe et couture), vannerie, Aviculture, patisserie, charcuterie, culture maraichère', 384, 1, '', 0, ''),
(886, 'ASBA (Association BAOBAB Antafondro)', 50, 'sensibilisation,Transformation des fruits, textile (coupe et couture), vannerie, Aviculture, patisserie, charcuterie, culture maraichère', 384, 1, '', 0, ''),
(887, 'MIHARY', 20, 'FAMBOLENA', 508, 1, '', 0, ''),
(888, 'NIKITA CORPS', 30, 'ASA TANANA', 508, 1, '', 0, ''),
(889, 'SANDRATRA', 15, 'ZAITRA+PETAKOFEHY', 508, 1, '', 0, ''),
(890, 'TANORA MIHARY GVEC N°1', 30, 'FAMBOLENA', 1704, 1, '', 0, ''),
(891, 'TANORA MIEZAKA GVEC N°2', 25, 'FAMBOLENA SY FIOMPIANA', 1704, 1, '', 0, ''),
(892, 'VEHIVAVY MAHERY', 113, 'FAMBOLENA SY FIOMPIANA', 1704, 1, '', 0, ''),
(893, 'TANORA MIARA MIVOATRA', 50, 'ASA TANANA FANDRARIANA', 1704, 1, '', 0, ''),
(894, 'VEMIFI', 50, 'ASA TANANA(rary,lambalandy)', 513, 1, '', 0, ''),
(895, 'SANDRATRA', 30, 'ASA TANANA MANDRARY SATRAOKA', 508, 1, '', 0, ''),
(896, 'NY MITSINJO', 18, 'ASA TANANA', 510, 1, '', 0, ''),
(897, 'NY AINA', 22, 'ZAITRA', 508, 1, '', 0, ''),
(898, 'FINIAVANA', 23, 'ASA TANANA(satroka,bazary,sous plat)', 508, 1, '', 0, ''),
(899, 'TARATRA', 30, 'FAMBOLENA MANANASY', 508, 1, '', 0, ''),
(900, 'SOLO HAZAVANA', 40, 'FAMBOLENA', 508, 1, '', 0, ''),
(901, 'VEHIVAVY MIRAIHINA', 50, 'FAMBOLENA;FIOMPIANA;ASA TANANA', 508, 1, '', 0, ''),
(902, 'FIARO', 20, '', 514, 1, '', 0, ''),
(903, 'MANIRISOA', 17, 'Agriculture; Elevage', 521, 1, '', 0, ''),
(904, 'MAHERY', 15, 'Agriculture; Elevage', 521, 1, '', 0, ''),
(905, 'VEHIVAVY MIARAMIAINGA', 25, 'Agriculture; Elevage', 521, 1, '', 0, ''),
(906, 'TARATRY NY HO AVY', 38, 'Agriculture; Elevage', 521, 1, '', 0, ''),
(907, 'MIARAMAMINDRA', 20, 'Agriculture; Elevage', 521, 1, '', 0, ''),
(908, 'SOAFIANATRA II', 18, 'Agriculture; Elevage', 521, 1, '', 0, ''),
(909, 'VEHIVAVY MIAVOTRA', 29, 'Agriculture; Elevage', 521, 1, '', 0, ''),
(910, 'VEHIVAVY VONONA', 35, 'COUTURE', 521, 1, '', 0, ''),
(911, 'VEHIVAVY SAHY HIVOATRA (VE.SA.HI)', 15, 'Agriculture; Elevage', 524, 1, '', 0, ''),
(912, 'MITSINJO', 35, 'Agriculture; Elevage', 524, 1, '', 0, ''),
(913, 'FIKAMBANAN\'NY VEHIVAVY MIRAIHINA I (FI.VE.MI. I)', 32, 'Agriculture; Elevage', 524, 1, '', 0, ''),
(914, 'FIKAMBANAN\'NY VEHIVAVY MIRAIHINA III (FI.VE.MI. III)', 34, 'Agriculture; Elevage', 524, 1, '', 0, ''),
(915, 'FIKAMBANAN\'NY VEHIVAVY MIRAIHINA II (FI.VE.MI. II)', 34, 'Agriculture; Elevage', 524, 1, '', 0, ''),
(916, 'FIKAMBANAN\'NY VEHIVAVY MIRAIHINA I (FI.VE.MI. I)', 30, 'Agriculture; Elevage', 524, 1, '', 0, ''),
(917, 'TARATRINIHOAVY', 29, 'Agriculture; Elevage', 524, 1, '', 0, ''),
(918, 'FIVOARANA', 40, 'Agriculture; Elevage', 524, 1, '', 0, ''),
(919, 'MANIRISOA II', 41, 'Agriculture; Elevage', 524, 1, '', 0, ''),
(920, 'SOAFIANATRA', 30, 'Elevage', 524, 1, '', 0, ''),
(921, 'MITSINJO NY HO AVY', 26, 'Agriculture; Elevage', 524, 1, '', 0, ''),
(922, 'FANILON\'I HO AVY', 30, 'Agriculture; Elevage', 524, 1, '', 0, ''),
(923, 'TARATRY NY HO AVY', 22, 'Agriculture; Elevage', 524, 1, '', 0, ''),
(924, 'TANJONA', 30, 'Agriculture; Elevage', 524, 1, '', 0, ''),
(925, 'MIRINDRA', 24, 'Agriculture; Elevage', 524, 1, '', 0, ''),
(926, 'VEHIVAVY MIAVOTRA', 50, 'Agriculture; Elevage', 524, 1, '', 0, ''),
(927, 'FIRAISANKINA NO HERY', 25, 'Agriculture; Elevage', 524, 1, '', 0, ''),
(928, 'MITSINJO NY HO AVY', 25, 'Agriculture; Elevage', 524, 1, '', 0, ''),
(929, 'SOAMIARADIA', 27, 'Agriculture; Elevage', 524, 1, '', 0, ''),
(930, 'FANILO NY HO AVY', 24, 'Agriculture; Elevage', 524, 1, '', 0, ''),
(931, 'MAHASOA', 42, 'Agriculture; Elevage', 524, 1, '', 0, ''),
(932, 'MANANTENA FANDROSOANA', 62, 'Agriculture; Elevage', 524, 1, '', 0, ''),
(933, 'MANANTENASOA', 30, 'Agriculture; Elevage', 524, 1, '', 0, ''),
(934, 'SOAMIRAY', 33, 'Agriculture; Elevage', 524, 1, '', 0, ''),
(935, 'FITARATRA', 34, 'Agriculture; Elevage', 524, 1, '', 0, ''),
(936, 'TSARADIA', 25, 'Agriculture; Elevage', 524, 1, '', 0, ''),
(937, 'TARATRY NY HO AVY', 25, 'Agriculture; Elevage', 524, 1, '', 0, ''),
(938, 'FIOMBONANTSOA', 16, 'Agriculture; Elevage', 524, 1, '', 0, ''),
(939, 'SOAFIANATRA', 20, 'Agriculture; Elevage', 524, 1, '', 0, ''),
(940, 'SOAFIANATRA II', 25, 'Agriculture; Elevage', 524, 1, '', 0, ''),
(941, 'TSIMIALONA', 16, 'Agriculture; Elevage', 524, 1, '', 0, ''),
(942, 'FANAMBY', 50, 'Agriculture; Elevage', 524, 1, '', 0, ''),
(943, 'SOAFIHAONANA', 80, 'Agriculture; Elevage', 524, 1, '', 0, ''),
(944, 'MANIRISOA', 60, 'Agriculture; Elevage', 524, 1, '', 0, ''),
(945, 'MAMISOA', 33, 'Agriculture; Elevage', 524, 1, '', 0, ''),
(946, 'MANIRISOA', 30, 'Agriculture; Elevage', 524, 1, '', 0, ''),
(947, 'LOVAINJAFY', 140, 'Agriculture; Elevage', 524, 1, '', 0, ''),
(948, 'MANIRY HO SOA', 30, 'Agriculture; Elevage', 524, 1, '', 0, ''),
(949, 'MAHASOA', 34, 'Agriculture; Elevage', 524, 1, '', 0, ''),
(950, 'MANIRISOA I', 35, 'Agriculture; Elevage', 524, 1, '', 0, ''),
(951, 'MIARINA', 24, 'Agriculture; Elevage', 524, 1, '', 0, ''),
(952, 'LIANTSOA', 20, 'Agriculture; Elevage', 524, 1, '', 0, ''),
(953, 'FIVOARANTSOA', 30, 'Agriculture; Elevage', 524, 1, '', 0, ''),
(954, 'MANIRISOA', 25, 'Agriculture; Elevage', 520, 1, '', 0, ''),
(955, 'MATOKY', 20, 'Agriculture; Elevage', 520, 1, '', 0, ''),
(956, 'TARATRY NY HO AVY', 25, 'Agriculture; Elevage', 520, 1, '', 0, ''),
(957, 'FANANTENANA', 20, 'Agriculture; Elevage', 520, 1, '', 0, ''),
(958, 'MANANTENASOA', 25, 'Agriculture; Elevage', 520, 1, '', 0, ''),
(959, 'MAMISOA', 18, 'Agriculture; Elevage', 520, 1, '', 0, ''),
(960, 'TARATRA', 20, 'Agriculture; Elevage', 520, 1, '', 0, ''),
(961, 'VEHIVAVY TAFITASOA', 18, 'Agriculture; Elevage', 523, 1, '', 0, ''),
(962, 'VONONA', 50, 'Agriculture; Elevage', 526, 1, '', 0, ''),
(963, 'MAINTSOANALA', 30, 'Agriculture; Elevage', 526, 1, '', 0, ''),
(964, 'SOAFIANANTRA', 30, 'Agriculture; Elevage', 526, 1, '', 0, ''),
(965, 'LOVASOA I', 24, 'Agriculture; Elevage', 526, 1, '', 0, ''),
(966, 'MIARAMANDROSO', 37, 'Agriculture; Elevage', 526, 1, '', 0, ''),
(967, 'TARATRY NY HO AVY', 58, 'Agriculture; Elevage', 531, 1, '', 0, ''),
(968, 'SOAFIANTRA', 77, 'Agriculture; Elevage', 531, 1, '', 0, ''),
(969, 'MITSINJO NY HO AVY', 53, 'Agriculture; Elevage', 531, 1, '', 0, ''),
(970, 'MANANTENASOA', 29, 'Agriculture; Elevage', 530, 1, '', 0, ''),
(971, 'SOAMIARADIA', 25, 'Agriculture; Elevage', 530, 1, '', 0, ''),
(972, 'GROUPE MANIRISOA', 16, 'Agriculture; Elevage', 530, 1, '', 0, ''),
(973, 'LOVASOA', 30, 'Agriculture; Elevage', 527, 1, '', 0, ''),
(974, 'MEVA', 12, 'Agriculture; Elevage', 527, 1, '', 0, ''),
(975, 'FANANTENANA', 18, 'Agriculture; Elevage', 527, 1, '', 0, ''),
(976, 'SOANATAO', 15, 'Agriculture; Elevage', 527, 1, '', 0, ''),
(977, 'VONOKIADY', 20, 'Agriculture; Elevage', 527, 1, '', 0, ''),
(978, 'MASOANDRONFANANTENANA', 20, 'Agriculture; Elevage', 527, 1, '', 0, ''),
(979, 'MIARAMIASA', 25, 'Agriculture; Elevage', 527, 1, '', 0, ''),
(980, 'MANATSARA LOVASOA', 22, 'Agriculture; Elevage', 527, 1, '', 0, ''),
(981, 'MIARADIA', 100, 'Agriculture; Elevage', 527, 1, '', 0, ''),
(982, 'TARATRINIHOAVY', 28, 'Agriculture; Elevage', 527, 1, '', 0, ''),
(983, 'TA.FI.KA', 30, 'Agriculture; Elevage', 527, 1, '', 0, ''),
(984, 'VEHIVAVY MIRAISAINA', 18, 'Agriculture; Elevage', 522, 1, '', 0, ''),
(985, 'AVOTRA', 15, 'Agriculture; Elevage', 522, 1, '', 0, ''),
(986, 'TARATRY NY HO AVY', 58, 'Agriculture; Elevage', 522, 1, '', 0, ''),
(987, 'MANJAKELY', 0, 'Agriculture; Elevage', 529, 1, '', 0, ''),
(988, 'VOAMAMY', 0, '', 529, 1, '', 0, ''),
(989, 'MAMIRATRA', 0, 'Agriculture; Elevage', 529, 1, '', 0, ''),
(990, 'MANIRISOA', 0, 'Agriculture; Elevage', 529, 1, '', 0, ''),
(991, 'MANOHISOA', 0, 'Agriculture; Elevage', 529, 1, '', 0, ''),
(992, 'SLP', 0, 'Agriculture; Elevage', 529, 1, '', 0, ''),
(993, 'FANIRINTSOA II', 0, 'Agriculture; Elevage', 529, 1, '', 0, ''),
(994, 'MIARADIA', 0, 'Agriculture; Elevage', 529, 1, '', 0, ''),
(995, 'AFHAM', 25, 'Couture\n Patisserie', 262, 1, '', 0, ''),
(996, 'ZORO', 180, 'Couture\n Patisserie', 262, 1, '', 0, ''),
(997, 'VMTAA', 40, 'Transformation alimentaire', 262, 1, '', 0, ''),
(998, 'RFHV (Réseau des Femmes Handicapées du Vakinankaratra)', 30, 'Couture\n Patisserie\n Artisanat', 262, 1, '', 0, ''),
(999, 'VMA (Vehivavy Marenina Antsirabe)', 35, 'Artisanat', 262, 1, '', 0, ''),
(1000, 'TSINJO', 50, 'Agriculture\n Elevage', 262, 1, '', 0, ''),
(1001, 'MAHEFA', 350, 'Couture\n Agriculture', 262, 1, '', 0, ''),
(1002, 'TAMIRAH FLEUR DE VIE', 1800, 'Agriculture\n Elevage', 262, 1, '', 0, ''),
(1003, 'VMF', 55, 'Agriculture\n Elevage', 262, 1, '', 0, ''),
(1004, 'FEV', 120, 'Agriculture\n Elevage', 262, 1, '', 0, ''),
(1005, 'ANG', 3000, 'Couture\n Agriculture', 262, 1, '', 0, ''),
(1006, 'FIVOARANA', 39, 'Agriculture\n Elevage', 262, 1, '', 0, ''),
(1007, 'VVMR', 3000, 'Agriculture\n Elevage', 262, 1, '', 0, ''),
(1008, 'ESPERANCE DE MADAGASCAR', 50, 'Agriculture\n Elevage', 262, 1, '', 0, ''),
(1009, 'TVMV', 20, 'Agriculture\n Elevage', 262, 1, '', 0, ''),
(1010, 'MIHARY MAHEFA', 40, 'Agriculture\n Elevage', 262, 1, '', 0, ''),
(1011, 'VMMFV', 30, 'Agriculture\n Elevage', 262, 1, '', 0, ''),
(1012, 'MIARAMANDROSO', 30, 'Agriculture\n Elevage', 262, 1, '', 0, ''),
(1013, 'MIAH', 20, 'Agriculture\n Elevage', 262, 1, '', 0, ''),
(1014, 'MARIE MAGDALA', 150, 'Agriculture\n Elevage', 262, 1, '', 0, ''),
(1015, 'AGM', 30, 'Agriculture\n Elevage', 262, 1, '', 0, ''),
(1016, 'LIANTSOA', 50, 'Agriculture\n Elevage', 262, 1, '', 0, ''),
(1017, 'VIAVY MIAVOTSE', 1200, 'Agriculture\n Elevage', 297, 1, '', 0, ''),
(1018, 'Vehivavy 8 Marsa Betafo', 1000, 'Agriculture\n Elevage', 297, 1, '', 0, ''),
(1019, 'RENY MIARY', 200, 'Agriculture\n Elevage', 297, 1, '', 0, ''),
(1020, 'VEHIVAVY MIARA DIA', 320, 'Agriculture\n Elevage', 297, 1, '', 0, ''),
(1021, 'KOLOINA', 60, 'Agriculture\n Elevage', 297, 1, '', 0, ''),
(1022, 'A.F.E.M.', 92, 'Agriculture\n Elevage', 297, 1, '', 0, ''),
(1023, 'Vehivavy 8 Marsa Betafo', 35, 'Agriculture\n Elevage', 297, 1, '', 0, ''),
(1024, 'KOLOINA', 130, 'Agriculture\n Elevage', 297, 1, '', 0, ''),
(1025, 'A.F.E.M.', 69, 'Agriculture\n Elevage', 297, 1, '', 0, ''),
(1026, 'MIRINDRA', 152, 'Agriculture\n Elevage', 297, 1, '', 0, ''),
(1027, 'MIHARY', 400, 'Agriculture\n Elevage', 289, 1, '', 0, ''),
(1028, 'MAHASOA', 250, 'Agriculture\n Elevage', 289, 1, '', 0, ''),
(1029, 'VEHIVAVY MIRAY', 210, 'Agriculture\n Elevage', 300, 1, '', 0, ''),
(1030, 'ROJO MANOHISOA', 100, 'Agriculture\n Elevage', 300, 1, '', 0, ''),
(1031, 'VEHIVAVY ANTOKY NY RAHAMPITSO', 120, 'Agriculture\n Elevage', 297, 1, '', 0, ''),
(1032, 'AFAM SOA ITAMBARANA', 300, 'Couture\n Agriculture\n Elevage', 297, 1, '', 0, ''),
(1033, 'RENY MIHARISOA', 500, 'Agriculture\n Elevage', 289, 1, '', 0, ''),
(1034, 'MIHARY', 120, 'Agriculture\n Elevage', 289, 1, '', 0, ''),
(1035, 'MAHASOA', 250, 'Agriculture\n Elevage', 289, 1, '', 0, ''),
(1036, 'VEHIVAVY MIRAY', 90, 'Agriculture\n Elevage', 300, 1, '', 0, ''),
(1037, 'ROJO MANOHISOA', 150, 'Agriculture\n Elevage', 300, 1, '', 0, ''),
(1038, 'VAO MAMY MIRINDRA', 60, 'Agriculture\n Elevage', 296, 1, '', 0, ''),
(1039, 'Farimbona', 100, 'Agriculture\n Elevage', 299, 1, '', 0, ''),
(1040, 'Fiombonana', 65, 'Agriculture\n Elevage', 299, 1, '', 0, ''),
(1041, 'MAMISOA', 50, 'Agriculture\n Elevage', 299, 1, '', 0, ''),
(1042, 'V.V.M.A.R', 67, 'Agriculture\n Elevage', 292, 1, '', 0, ''),
(1043, 'FANANTENANA', 250, 'Agriculture\n Elevage', 292, 1, '', 0, ''),
(1044, 'Ezaka', 60, 'Agriculture\n Elevage', 292, 1, '', 0, ''),
(1045, 'FANAVOTANA', 45, 'Agriculture\n Elevage', 292, 1, '', 0, ''),
(1046, 'TAFARAY', 25, 'Agriculture\n Elevage', 292, 1, '', 0, ''),
(1047, 'MIAVOTRA', 80, 'Agriculture\n Elevage', 298, 1, '', 0, ''),
(1048, 'FINOANA', 90, 'Agriculture\n Elevage', 298, 1, '', 0, ''),
(1049, 'V.V.H.H FENOSOA', 100, 'Agriculture\n Elevage', 298, 1, '', 0, ''),
(1050, 'VIAVY MIARADIA', 70, 'Agriculture\n Elevage', 298, 1, '', 0, ''),
(1051, 'IFI LIANTSOA', 60, 'Agriculture\n Elevage', 298, 1, '', 0, ''),
(1052, 'TANTSAHA MIARADIA', 45, 'Agriculture\n Elevage', 283, 1, '', 0, ''),
(1053, 'FIFANKATIAVANA', 70, 'Agriculture\n Elevage', 283, 1, '', 0, ''),
(1054, 'VOAMAMY TSY KIVY', 58, 'Agriculture\n Elevage', 283, 1, '', 0, ''),
(1055, 'FIAVOTANA', 78, 'Agriculture\n Elevage', 283, 1, '', 0, ''),
(1056, 'MIHARY', 100, 'Agriculture\n Elevage', 283, 1, '', 0, ''),
(1057, 'MANANTENASOA', 85, 'Agriculture\n Elevage', 283, 1, '', 0, ''),
(1058, 'FANAMBINANTSOA', 50, 'Agriculture\n Elevage', 283, 1, '', 0, ''),
(1059, 'TANJONA', 47, 'Agriculture\n Elevage', 283, 1, '', 0, ''),
(1060, 'VONDRONA MIRAY', 50, 'Agriculture\n Elevage', 283, 1, '', 0, ''),
(1061, 'MAHASOA', 70, 'Agriculture\n Elevage', 283, 1, '', 0, ''),
(1062, 'MAEFA', 50, 'Agriculture\n Elevage', 283, 1, '', 0, ''),
(1063, 'FANANTENANA I', 40, 'Agriculture\n Elevage', 283, 1, '', 0, ''),
(1064, 'TANJONA', 35, 'Agriculture\n Elevage', 283, 1, '', 0, ''),
(1065, 'FANANTENANA III', 110, 'Agriculture\n Elevage', 283, 1, '', 0, ''),
(1066, 'MIHARY', 120, 'Agriculture\n Elevage', 283, 1, '', 0, ''),
(1067, 'LIANTSOA', 60, 'Agriculture\n Elevage', 283, 1, '', 0, ''),
(1068, 'MIRAY', 50, 'Agriculture\n Elevage', 283, 1, '', 0, ''),
(1069, 'FIRAISANKINA', 45, 'Agriculture\n Elevage', 283, 1, '', 0, ''),
(1070, 'FENOSOA', 500, 'Agriculture\n Elevage', 283, 1, '', 0, ''),
(1071, 'AINA', 50, 'Agriculture\n Elevage', 283, 1, '', 0, ''),
(1072, 'FIRAISANKINA', 50, 'Agriculture\n Elevage', 283, 1, '', 0, ''),
(1073, 'MITSINJO', 46, 'Agriculture\n Elevage', 283, 1, '', 0, ''),
(1074, 'VOLANTSINANA', 90, 'Agriculture\n Elevage', 283, 1, '', 0, ''),
(1075, 'TOKY', 25, 'Agriculture\n Elevage', 283, 1, '', 0, ''),
(1076, 'FIRAISANKINA', 75, 'Agriculture\n Elevage', 283, 1, '', 0, ''),
(1077, 'MAMA FITIA', 1000, 'Agriculture\n Elevage', 283, 1, '', 0, ''),
(1078, 'FANAMBINANA', 40, 'Agriculture\n Elevage', 283, 1, '', 0, ''),
(1079, 'TANJONA', 58, 'Agriculture\n Elevage', 283, 1, '', 0, ''),
(1080, 'HERY MIRAY', 60, 'Agriculture\n Elevage', 283, 1, '', 0, ''),
(1081, 'VEHIVAVY MIVOATRA', 120, 'Agriculture\n Elevage', 283, 1, '', 0, ''),
(1082, 'TAMBATRA', 100, 'Agriculture\n Elevage', 283, 1, '', 0, ''),
(1083, 'MIARAMANDROSO', 92, 'Agriculture\n Elevage', 283, 1, '', 0, ''),
(1084, 'FEHIZORO', 65, 'Agriculture\n Elevage', 283, 1, '', 0, ''),
(1085, 'MIARAMIRINDRA', 75, 'Agriculture\n Elevage', 283, 1, '', 0, ''),
(1086, 'FANAMBY', 45, 'Agriculture\n Elevage', 283, 1, '', 0, ''),
(1087, 'MIARISOA', 56, 'Agriculture\n Elevage', 283, 1, '', 0, ''),
(1088, 'FIAVOTANA', 75, 'Agriculture\n Elevage', 283, 1, '', 0, ''),
(1089, 'MIARAMIRINDRA', 65, 'Agriculture\n Elevage', 283, 1, '', 0, ''),
(1090, 'FANIRISOA', 78, 'Agriculture\n Elevage', 283, 1, '', 0, ''),
(1091, 'ITOKIANA', 115, 'Agriculture\n Elevage', 283, 1, '', 0, ''),
(1092, 'FANANTENANA', 65, 'Agriculture\n Elevage', 283, 1, '', 0, ''),
(1093, '\"IRAKA\"', 133, 'Agriculture\n Elevage', 304, 1, '', 0, ''),
(1094, '\"MIRINDRA\"', 45, 'Agriculture\n Elevage', 307, 1, '', 0, ''),
(1095, '\"EZAKA\"', 42, 'Agriculture\n Elevage', 307, 1, '', 0, ''),
(1096, '\"VOLATIANA\"', 38, 'Agriculture\n Elevage', 307, 1, '', 0, ''),
(1097, 'FANILO', 120, 'Agriculture\n Elevage', 229, 1, '', 0, ''),
(1098, 'VONONA', 200, 'Agriculture\n Elevage', 229, 1, '', 0, ''),
(1099, 'VEZOA', 250, 'Agriculture\n Elevage', 229, 1, '', 0, ''),
(1100, 'AMIA', 300, 'Agriculture\n Elevage', 229, 1, '', 0, ''),
(1101, 'MIHARY', 110, 'Agriculture\n Elevage', 229, 1, '', 0, ''),
(1102, 'VEHIVAVY MIATRIKA', 500, 'Agriculture\n Elevage', 229, 1, '', 0, ''),
(1103, 'SOA-SOA', 220, 'Artisanat\n Agriculture\n Elevage', 229, 1, '', 0, ''),
(1104, 'KOLOINA MITSINJO', 125, 'Agriculture\n Elevage', 229, 1, '', 0, ''),
(1105, 'VEHIVAVY MAVITRIKA', 50, 'Agriculture\n Elevage', 234, 1, '', 0, ''),
(1106, 'TANJONA', 95, 'Agriculture\n Elevage', 230, 1, '', 0, ''),
(1107, 'TAFARAY BEL', 65, 'Agriculture\n Elevage', 241, 1, '', 0, ''),
(1108, 'AMBININTSOA I', 65, 'Agriculture\n Elevage', 235, 1, '', 0, ''),
(1109, 'AMBININTSOA II', 54, 'Agriculture\n Elevage', 235, 1, '', 0, ''),
(1110, 'TAHA', 110, 'Agriculture\n Elevage', 235, 1, '', 0, ''),
(1111, 'AVOTRA', 55, 'Agriculture\n Elevage', 235, 1, '', 0, ''),
(1112, 'FITSIMBINANA', 85, 'Agriculture\n Elevage', 237, 1, '', 0, ''),
(1113, 'MIRAY', 140, 'Agriculture\n Elevage', 237, 1, '', 0, ''),
(1114, 'MIAVOTRA', 120, 'Agriculture\n Elevage', 237, 1, '', 0, ''),
(1115, 'VONONA', 110, 'Agriculture\n Elevage', 237, 1, '', 0, ''),
(1116, 'VEHIVAVY MISANDRATRA', 15, 'Agriculture\n Elevage', 242, 1, '', 0, ''),
(1117, 'SANTATRA', 22, 'Agriculture\n Elevage', 242, 1, '', 0, ''),
(1118, 'FIAVOTANA', 12, 'Agriculture\n Elevage', 242, 1, '', 0, ''),
(1119, 'MAINTSOVONONA', 10, 'Agriculture\n Elevage', 242, 1, '', 0, ''),
(1120, 'AMIA/AMPELA MIAVOTRA', 20, 'Agriculture\n Elevage', 229, 1, '', 0, ''),
(1121, 'VEHIVAVY MIATRIKA', 30, 'Agriculture\n Elevage', 229, 1, '', 0, ''),
(1122, 'MIARA MAMINDRA', 200, 'Agriculture\n Elevage', 229, 1, '', 0, ''),
(1123, 'KOLOINA MITSINJO', 9, 'Agriculture\n Elevage', 229, 1, '', 0, ''),
(1124, 'FANANTENANA', 7, 'Agriculture\n Elevage', 241, 1, '', 0, ''),
(1125, 'MAINTSOMANANA', 9, 'Agriculture\n Elevage', 235, 1, '', 0, ''),
(1126, 'FANILO MIAVOTRA', 12, 'Agriculture\n Elevage', 235, 1, '', 0, ''),
(1127, 'VOAMAMY I', 0, 'Agriculture\n Elevage', 235, 1, '', 0, ''),
(1128, 'VEHIVAVY MITSINJO NY HO AVY', 0, 'Agriculture\n Elevage', 242, 1, '', 0, ''),
(1129, '', 0, 'Agriculture\n Elevage', 234, 1, '', 0, ''),
(1130, 'RENY FITIA MIAVOTRA', 150, 'Agriculture\n Elevage', 310, 1, '', 0, ''),
(1131, 'FITIA FANILO', 200, 'Agriculture\n Elevage', 310, 1, '', 0, ''),
(1132, 'FITIA FANIRIANTSOA', 200, 'Agriculture\n Elevage', 310, 1, '', 0, ''),
(1133, 'FIAVOTANA', 150, 'Agriculture\n Elevage', 310, 1, '', 0, ''),
(1134, 'NENY FITIA FANANTENANA', 110, 'Agriculture\n Elevage', 310, 1, '', 0, ''),
(1135, 'FANOVOZANTSOA', 150, 'Agriculture\n Elevage', 310, 1, '', 0, ''),
(1136, 'FITIA MIHARY', 200, 'Agriculture\n Elevage', 310, 1, '', 0, ''),
(1137, 'RENY FITIA MITSINJO', 300, 'Agriculture\n Elevage', 310, 1, '', 0, ''),
(1138, 'FITIA EZAKA', 140, 'Agriculture\n Elevage', 310, 1, '', 0, ''),
(1139, 'FITIA FANILO', 210, 'Agriculture\n Elevage', 310, 1, '', 0, ''),
(1140, 'FITIA NOMENA', 250, 'Agriculture\n Elevage', 310, 1, '', 0, ''),
(1141, 'FITIA MIAVOTRA', 1000, 'Agriculture\n Elevage', 310, 1, '', 0, ''),
(1142, 'FITIA MIHARISOA', 230, 'Agriculture\n Elevage', 310, 1, '', 0, ''),
(1143, 'FITIA FANANTENANA', 150, 'Agriculture\n Elevage', 310, 1, '', 0, ''),
(1144, 'FITIA MIKOLO', 260, 'Agriculture\n Elevage', 310, 1, '', 0, ''),
(1145, 'MIAVOTRA', 130, 'Agriculture\n Elevage', 310, 1, '', 0, ''),
(1146, 'RENY FITIA FEHIZORO', 250, 'Agriculture\n Elevage', 310, 1, '', 0, ''),
(1147, 'SITRAKA', 100, 'Agriculture\n Elevage', 310, 1, '', 0, ''),
(1148, 'KAJY', 300, 'Agriculture\n Elevage', 310, 1, '', 0, ''),
(1149, 'FITIA SAMBATRA', 200, 'Agriculture\n Elevage', 310, 1, '', 0, ''),
(1150, 'TANTSAHA MIRAY', 500, 'Agriculture\n Elevage', 310, 1, '', 0, ''),
(1151, 'TANTSAHA VONONA', 600, 'Agriculture\n Elevage', 310, 1, '', 0, ''),
(1152, 'FITIA MIRAY', 400, 'Agriculture\n Elevage', 310, 1, '', 0, ''),
(1153, 'MIAVOTRA', 65, 'Agriculture\n Elevage', 256, 1, '', 0, ''),
(1154, 'FBMDA', 95, 'Agriculture\n Elevage', 256, 1, '', 0, ''),
(1155, 'FIZATA(Fikambanan\'ny Zaitra Tandrefana)', 45, 'Couture\n Artisanat', 256, 1, '', 0, ''),
(1156, 'VEHIVAVY IRAY DIA ANTOBINIARO', 56, 'Agriculture\n Elevage', 256, 1, '', 0, ''),
(1157, 'FITAHIANA', 45, 'Agriculture\n Elevage', 256, 1, '', 0, ''),
(1158, 'AVOTR\'AINA', 12, 'Agriculture\n Elevage', 256, 1, '', 0, ''),
(1159, 'MATSIRO', 12, 'Agriculture\n Elevage', 256, 1, '', 0, ''),
(1160, 'FIVOARANA', 11, 'Agriculture\n Elevage', 256, 1, '', 0, ''),
(1161, 'MITSINJO', 9, 'Agriculture\n Elevage', 256, 1, '', 0, ''),
(1162, 'FANAVOTANA', 12, 'Agriculture\n Elevage', 256, 1, '', 0, ''),
(1163, 'SANTATRA MIARA DIA FSM', 15, 'Agriculture\n Elevage', 1704, 1, '', 0, ''),
(1164, 'CROCHET KANTO', 17, 'Couture\n artisanat', 256, 1, '', 0, ''),
(1165, 'MANDROSO', 50, 'Agriculture\n Elevage', 268, 1, '', 0, ''),
(1166, 'ANG', 750, 'Agriculture\n Elevage', 265, 1, '', 0, ''),
(1167, 'RENY MIAVOTRA', 20, 'Agriculture\n Elevage', 273, 1, '', 0, ''),
(1168, 'VEHIVAVY FILAMATRA', 40, 'Agriculture\n Elevage', 275, 1, '', 0, ''),
(1169, 'FENOSOA', 30, 'Agriculture\n Elevage', 279, 1, '', 0, ''),
(1170, 'MIRINDRA', 45, 'Agriculture\n Elevage', 279, 1, '', 0, ''),
(1171, 'SOAMIARADIA', 40, 'Agriculture\n Elevage', 279, 1, '', 0, ''),
(1172, 'AMBININTSOA', 12, 'Agriculture\n Elevage', 282, 1, '', 0, ''),
(1173, 'MARISIKA', 102, 'Agriculture\n Elevage', 275, 1, '', 0, ''),
(1174, 'MANOVOSOA', 20, 'Agriculture\n Elevage', 265, 1, '', 0, ''),
(1175, 'MIFANASOA', 40, 'Agriculture\n Elevage', 265, 1, '', 0, ''),
(1176, 'TANTSAHA MIAVOTRA', 20, 'Agriculture\n Elevage', 273, 1, '', 0, ''),
(1177, 'FITIAVANA', 52, 'Agriculture\n Elevage', 265, 1, '', 0, ''),
(1178, 'MIHARY', 20, 'Agriculture\n Elevage', 282, 1, '', 0, ''),
(1179, 'FISEMIA', 53, 'Agriculture\n Elevage\n Couture', 271, 1, '', 0, ''),
(1180, 'FANEVA', 23, 'Agriculture\n Elevage', 265, 1, '', 0, ''),
(1181, 'AVOTRAI', 13, 'Agriculture\n Elevage', 275, 1, '', 0, ''),
(1182, 'NMF', 30, 'Agriculture\n Elevage', 278, 1, '', 0, ''),
(1183, 'TGV MENDRIKA', 820, 'Agriculture\n Elevage', 267, 1, '', 0, ''),
(1184, 'TOVOVAVY MENDRIKA', 60, 'Agriculture\n Elevage', 282, 1, '', 0, ''),
(1185, 'BEMASOANDRO MISANDRATRA', 31, 'Agriculture\n Elevage', 271, 1, '', 0, ''),
(1186, 'MIRINDRA', 224, 'Agriculture\n Elevage', 280, 1, '', 0, ''),
(1187, 'VEHIVAVY MIOTISOA', 20, 'Agriculture\n Elevage', 268, 1, '', 0, ''),
(1188, 'ASG', 80, 'Agriculture\n Elevage', 265, 1, '', 0, ''),
(1189, 'AVOTRA', 45, 'Agriculture\n Elevage', 271, 1, '', 0, ''),
(1190, 'TAMBATRA', 30, 'Agriculture\n Elevage', 271, 1, '', 0, ''),
(1191, 'TARAMASOANDRO', 162, 'Agriculture\n Elevage', 275, 1, '', 0, ''),
(1192, 'TAMBATRA', 20, 'Agriculture\n Elevage', 271, 1, '', 0, ''),
(1193, 'VAKANA', 40, 'Agriculture\n Elevage', 265, 1, '', 0, ''),
(1194, 'MANANTENASOA Rantsana', 34, 'Agriculture\n Elevage', 267, 1, '', 0, ''),
(1195, 'MANANTENASOA', 93, 'Agriculture\n Elevage', 267, 1, '', 0, ''),
(1196, 'FIRAISANKINA', 70, 'Agriculture\n Elevage', 265, 1, '', 0, ''),
(1197, 'FIRAISANTSOA', 50, 'Agriculture\n Elevage', 271, 1, '', 0, ''),
(1198, 'FIVOARANA', 40, 'Agriculture\n Elevage', 265, 1, '', 0, ''),
(1199, 'MIHARY', 21, 'Agriculture\n Elevage', 265, 1, '', 0, ''),
(1200, 'FAHASOAVANA', 27, 'Agriculture\n Elevage\n Couture', 265, 1, '', 0, ''),
(1201, 'MIHARY', 23, 'Agriculture\n Elevage', 271, 1, '', 0, ''),
(1202, 'AVOTRA', 36, 'Agriculture\n Elevage', 271, 1, '', 0, ''),
(1203, 'MANAMBINA', 28, 'Agriculture\n Elevage', 271, 1, '', 0, ''),
(1204, 'AINGAVAO', 20, 'Agriculture\n Elevage', 271, 1, '', 0, ''),
(1205, 'MIOTISOA', 20, 'Agriculture\n Elevage', 265, 1, '', 0, ''),
(1206, 'FARARANOLAVA', 750, 'Agriculture\n Elevage\n Couture', 274, 1, '', 0, ''),
(1207, 'MIRAY', 10, 'Agriculture\n Elevage', 271, 1, '', 0, ''),
(1208, 'FITIAVANA', 300, 'Agriculture\n Elevage', 265, 1, '', 0, ''),
(1209, 'AMIS DES SAINT BASILE', 1800, 'Agriculture\n Elevage', 265, 1, '', 0, ''),
(1210, 'MANAKO', 45, 'Agriculture\n Elevage', 269, 1, '', 0, ''),
(1211, 'FANDRESENA', 62, 'Agriculture\n Elevage', 268, 1, '', 0, ''),
(1212, 'AFEM', 45, 'Agriculture\n Elevage', 265, 1, '', 0, ''),
(1213, 'FIERENTANTSOA', 24, 'Agriculture\n Elevage', 265, 1, '', 0, ''),
(1214, 'AVOTRA', 20, 'Agriculture\n Elevage', 276, 1, '', 0, ''),
(1215, 'FITIAVANA', 32, 'Agriculture\n Elevage', 265, 1, '', 0, '');

-- --------------------------------------------------------

--
-- Structure de la table `association_besoin`
--

DROP TABLE IF EXISTS `association_besoin`;
CREATE TABLE IF NOT EXISTS `association_besoin` (
  `association_id` int NOT NULL,
  `besoin_id` int NOT NULL,
  PRIMARY KEY (`association_id`,`besoin_id`),
  KEY `IDX_B26CDD66EFB9C8A5` (`association_id`),
  KEY `IDX_B26CDD66FE6EED44` (`besoin_id`)
) ENGINE=InnoDB DEFAULT CHARSET=utf8mb4 COLLATE=utf8mb4_unicode_ci;

--
-- Déchargement des données de la table `association_besoin`
--

INSERT INTO `association_besoin` (`association_id`, `besoin_id`) VALUES
(3, 1),
(3, 2),
(3, 5),
(5, 1),
(5, 2),
(11, 1),
(11, 4),
(20, 1),
(20, 3),
(20, 5),
(25, 1),
(25, 2),
(25, 3),
(25, 5),
(41, 1),
(41, 3),
(41, 5),
(49, 4),
(52, 2),
(52, 4),
(52, 5),
(63, 3),
(63, 4),
(63, 5),
(77, 2),
(77, 3),
(77, 5),
(82, 1),
(82, 3),
(82, 4),
(82, 5),
(87, 1),
(87, 4),
(95, 1),
(95, 4),
(95, 5),
(243, 1),
(243, 2),
(243, 5),
(247, 1),
(247, 2),
(247, 4),
(250, 1),
(250, 3),
(250, 5);

-- --------------------------------------------------------

--
-- Structure de la table `besoin`
--

DROP TABLE IF EXISTS `besoin`;
CREATE TABLE IF NOT EXISTS `besoin` (
  `id` int NOT NULL AUTO_INCREMENT,
  `nom_besoin` varchar(255) COLLATE utf8mb4_unicode_ci NOT NULL,
  PRIMARY KEY (`id`)
) ENGINE=InnoDB AUTO_INCREMENT=6 DEFAULT CHARSET=utf8mb4 COLLATE=utf8mb4_unicode_ci;

--
-- Déchargement des données de la table `besoin`
--

INSERT INTO `besoin` (`id`, `nom_besoin`) VALUES
(1, 'Formation'),
(2, 'Engrais et semence'),
(3, 'Ustensiles de cuisine'),
(4, 'Matériel de couture'),
(5, 'Matériel divers');

-- --------------------------------------------------------

--
-- Structure de la table `commune`
--

DROP TABLE IF EXISTS `commune`;
CREATE TABLE IF NOT EXISTS `commune` (
  `id` int NOT NULL AUTO_INCREMENT,
  `nom` varchar(150) COLLATE utf8mb4_unicode_ci NOT NULL,
  `district_id` int DEFAULT NULL,
  PRIMARY KEY (`id`),
  KEY `IDX_E2E2D1EEB08FA272` (`district_id`)
) ENGINE=InnoDB AUTO_INCREMENT=1705 DEFAULT CHARSET=utf8mb4 COLLATE=utf8mb4_unicode_ci;

--
-- Déchargement des données de la table `commune`
--

INSERT INTO `commune` (`id`, `nom`, `district_id`) VALUES
(1, 'Ambato', 1),
(2, 'Ambatolampy', 1),
(3, 'Antehiroka', 1),
(4, 'Ambohidratrimo', 1),
(5, 'Ambohimanjaka', 1),
(6, 'Ambohipihaonana', 1),
(7, 'Ambohitrimanjaka', 1),
(8, 'Ampangabe', 1),
(9, 'Ampanotokana', 1),
(10, 'Anjanadoria', 1),
(11, 'Anosiala', 1),
(12, 'Antanetibe', 1),
(13, 'Antsahafilo', 1),
(14, 'Avaratsena', 1),
(15, 'Fiadanana', 1),
(16, 'Iarinarivo', 1),
(17, 'Ivato', 1),
(18, 'Mahabo', 1),
(19, 'Mahereza', 1),
(20, 'Mahitsy', 1),
(21, 'Mananjara', 1),
(22, 'Manjakavaradrano', 1),
(23, 'Merimandroso', 1),
(24, 'Talatamaty', 1),
(25, 'Alarobia Vatosola', 2),
(26, 'Alatsinainy Bakaro', 2),
(27, 'Ambohimiadana', 2),
(28, 'Andohariana', 2),
(29, 'Andramasina', 2),
(30, 'Anjoma Faliarivo', 2),
(31, 'Anosibe Trimoloharano', 2),
(32, 'Antotohazo', 2),
(33, 'Fitsinjovana Bakaro', 2),
(34, 'Mandrosoa', 2),
(35, 'Morarano Soa Firaisana', 2),
(36, 'Sabotsy Ambohitromby', 2),
(37, 'Sabotsy Manjakavahoaka', 2),
(38, 'Tankafatra', 2),
(39, 'Alakamisy', 3),
(40, 'Ambatomanoina', 3),
(41, 'Amboasary Nord', 3),
(42, 'Ambohibary Vohilena', 3),
(43, 'Ambohimarina Marovazaha', 3),
(44, 'Ambohimirary', 3),
(45, 'Ambongamarina', 3),
(46, 'Amparatanjona', 3),
(47, 'Analaroa', 3),
(48, 'Andranomisa', 3),
(49, 'Androvakely', 3),
(50, 'Anjozorobe', 3),
(51, 'Antanetibe', 3),
(52, 'Belanitra', 3),
(53, 'Beronono', 3),
(54, 'Betatao', 3),
(55, 'Mangamila', 3),
(56, 'Marotsipoy', 3),
(57, 'Tsarasaotra Andona', 3),
(58, 'Ambohitromby', 4),
(59, 'Ambolotarakely', 4),
(60, 'Andranomiely', 4),
(61, 'Ankazobe', 4),
(62, 'Antakavana', 4),
(63, 'Antotohazo', 4),
(64, 'Fiadanana', 4),
(65, 'Fihaonana', 4),
(66, 'Kiangara', 4),
(67, 'Mahavelona', 4),
(68, 'Mangasoavina', 4),
(69, 'Marondry', 4),
(70, 'Miantso', 4),
(71, 'Talata-Angavo', 4),
(72, 'Tsaramasoandro', 4),
(73, 'Alakamisy Fenoarivo', 5),
(74, 'Alatsinainy Ambazaha', 5),
(75, 'Ambalavao', 5),
(76, 'Ambatofahavalo', 5),
(77, 'Ambavahaditokana', 5),
(78, 'Ambohidrapeto', 5),
(79, 'Ambohijanaka', 5),
(80, 'Ampahitrosy', 5),
(81, 'Ampanefy', 5),
(82, 'Ampitatafika', 5),
(83, 'Andoharanofotsy', 5),
(84, 'Andranonahoatra', 5),
(85, 'Androhibe', 5),
(86, 'Ankadimanga', 5),
(87, 'Ankaraobato', 5),
(88, 'Anosizato Andrefana', 5),
(89, 'Antanetikely', 5),
(90, 'Bemasoandro', 5),
(91, 'Bongatsara', 5),
(92, 'Fenoarivo', 5),
(93, 'Fiombonana', 5),
(94, 'Itaosy', 5),
(95, 'Soalandy', 5),
(96, 'Soavina', 5),
(97, 'Tanjombato', 5),
(98, 'Tsiafahy', 5),
(99, 'Alasora', 6),
(100, 'Ambohimalaza Miray', 6),
(101, 'Ambohimanambola', 6),
(102, 'Ambohimanga Rova', 6),
(103, 'Ambohimangakely', 6),
(104, 'Ambohidrabiby', 6),
(105, 'Anjeva Gara', 6),
(106, 'Ankadikely Ilafy', 6),
(107, 'Ankadinandriana', 6),
(108, 'Anosy Avaratra', 6),
(109, 'Fieferana', 6),
(110, 'Manandriana', 6),
(111, 'Masindray', 6),
(112, 'Sabotsy Namehana', 6),
(113, 'Talata Volonondry', 6),
(114, 'Vilihazo', 6),
(115, 'Alarobia', 7),
(116, 'Ambanitsena', 7),
(117, 'Ambatolaona', 7),
(118, 'Ambatomanga', 7),
(119, 'Ambatomena', 7),
(120, 'Ambohibao Sud', 7),
(121, 'Ambohibary', 7),
(122, 'Ambohitrandriamanitra', 7),
(123, 'Ambohitrolomahitsy', 7),
(124, 'Ambohitrony', 7),
(125, 'Ambohitseheno', 7),
(126, 'Ampaneva', 7),
(127, 'Anjepy', 7),
(128, 'Anjoma Betoho', 7),
(129, 'Ankazodandy', 7),
(130, 'Antsahalalina', 7),
(131, 'Manjakandriana', 7),
(132, 'Mantasoa', 7),
(133, 'Merikanjaka', 7),
(134, 'Miadanandriana', 7),
(135, 'Nandihizana Carion', 7),
(136, 'Ranovao', 7),
(137, 'Sadabe', 7),
(138, 'Sambaina', 7),
(139, 'Soavinandriana (Ambohidratrimoanala)', 7),
(140, 'Commune Urbaine d\'Antananarivo', 8),
(141, 'Commune Urbaine d\'Antananarivo', 9),
(142, 'Commune Urbaine d\'Antananarivo', 10),
(143, 'Commune Urbaine d\'Antananarivo', 11),
(144, 'Commune Urbaine d\'Antananarivo', 12),
(145, 'Commune Urbaine d\'Antananarivo', 13),
(146, 'AMBATOMAINTY SUD', 14),
(147, 'AMBOHITROMBY', 14),
(148, 'FENOARIVOBE', 14),
(149, 'FIRAVAHANA', 14),
(150, 'KIRANOMENA', 14),
(151, 'MAHAJEBY', 14),
(152, 'MORARANO MARITAMPONA', 14),
(153, 'TSINJOARIVO 22', 14),
(154, 'MANGATANY', 14),
(155, 'ANDRIAMPOTSY', 14),
(156, 'AMBALANIRANA', 15),
(157, 'AMBARARATABE', 15),
(158, 'AMBATOLAMPY', 15),
(159, 'ANKADINONDRY SAKAY', 15),
(160, 'ANKERANA NORD', 15),
(161, 'ANOSY', 15),
(162, 'BELOBAKA', 15),
(163, 'BEMAHATAZANA', 15),
(164, 'BEVATO', 15),
(165, 'FIERENANA', 15),
(166, 'MAHASOLO', 15),
(167, 'MAROHARONA', 15),
(168, 'MARITAMPONA', 15),
(169, 'MIANDRARIVO', 15),
(170, 'SOANIERANA', 15),
(171, 'TSINJOARIVO-IMANGA', 15),
(172, 'TSIROANOMANDIDY FIHAONANA', 15),
(173, 'TSIROANOMANDIDY VILLE', 15),
(174, 'ANTSAHALAVA', 15),
(175, 'FIADANANTSOA', 15),
(176, 'ALAKAMISIKELY', 16),
(177, 'AMBATOMANGA', 16),
(178, 'AMBATOMIRAHAVAVY', 16),
(179, 'AMBOANANA', 16),
(180, 'AMBOHIMANDRY', 16),
(181, 'AMBOHIMASINA', 16),
(182, 'AMBOHIPANDRANO', 16),
(183, 'AMBOHITRAMBO', 16),
(184, 'AMPAHIMANGA', 16),
(185, 'ANDRANOMIELY', 16),
(186, 'ANTAMBOLO', 16),
(187, 'ANTENIMBE', 16),
(188, 'ARIVONIMAMO', 16),
(189, 'ARIVONIMAMO II', 16),
(190, 'IMERINTSIATOSIKA', 16),
(191, 'MAHATSINJO EST', 16),
(192, 'MANALALONDO', 16),
(193, 'MAROFANGADY', 16),
(194, 'MIANDRANDRA', 16),
(195, 'MIANTSOARIVO', 16),
(196, 'MORAFENO', 16),
(197, 'MORARANO', 16),
(198, 'TALATA TSIMADILO', 16),
(199, 'ALATSINAINIKELY', 17),
(200, 'AMBATOMANJAKA', 17),
(201, 'ANALAVORY', 17),
(202, 'ANDOLOFOTSY', 17),
(203, 'ANOSIBE-IFANJA', 17),
(204, 'ANTOBY EST', 17),
(205, 'MANAZARY', 17),
(206, 'MANDIAVATO', 17),
(207, 'MIARINARIVO', 17),
(208, 'MIARINARIVO II', 17),
(209, 'SAROBARATRA', 17),
(210, 'SOAMAHAMANINA', 17),
(211, 'SOAVIMBAZAHA', 17),
(212, 'ZOMA BEALOKA', 17),
(213, 'AMBATOASANA CENTRE', 18),
(214, 'AMBEROMANGA', 18),
(215, 'AMPARAKY', 18),
(216, 'AMPARIBOHITRA', 18),
(217, 'AMPARY', 18),
(218, 'AMPEFY', 18),
(219, 'ANKARANANA', 18),
(220, 'ANKISABE', 18),
(221, 'ANTANETIBE', 18),
(222, 'DONDONA', 18),
(223, 'MAHAVELONA', 18),
(224, 'MANANASY', 18),
(225, 'MASINDRAY', 18),
(226, 'SOAVINANDRIANA', 18),
(227, 'TAMPONALA', 18),
(228, 'AMBOHIDANERANA', 18),
(229, 'AMBATOLAMPY', 19),
(230, 'AMBATONDRAKALAVAO', 19),
(231, 'AMBODIFARIHY', 19),
(232, 'AMBOHIMPIHAONANA', 19),
(233, 'ANDRANOVELONA', 19),
(234, 'ANDRAVOLA VOHIPENO', 19),
(235, 'ANDRIAMBILANY', 19),
(236, 'ANTAKASINA', 19),
(237, 'ANTANAMALAZA', 19),
(238, 'ANTANIMASAKA', 19),
(239, 'ANTSAMPANDRANO', 19),
(240, 'BEHENJY', 19),
(241, 'BELAMBO FIRAISANA', 19),
(242, 'MANJAKATOMPO', 19),
(243, 'MORARANO', 19),
(244, 'SABOTSY NAMATOANA', 19),
(245, 'TSIAFAJAVONA ANKARATRA', 19),
(246, 'TSINJOARIVO', 19),
(247, 'ANDRIANTSIVALANA', 19),
(248, 'AMBATOLAHY', 20),
(249, 'AMBATOMIADY', 20),
(250, 'AMBATOTSIPIHANA', 20),
(251, 'AMBODIRIANA', 20),
(252, 'AMBOHIMANDROSO', 20),
(253, 'AMBOHITOMPOINA', 20),
(254, 'AMPITATAFIKA', 20),
(255, 'ANDRANOFITO', 20),
(256, 'ANTANIFOTSY', 20),
(257, 'ANTSAHALAVA', 20),
(258, 'ANTSAMPANDRANO', 20),
(259, 'BELANITRA', 20),
(260, 'ANJAMANGA', 20),
(261, 'SOAMANANDRARINY', 20),
(262, 'ANTSIRABE', 21),
(263, 'ALAKAMISY', 22),
(264, 'ALATSINAINY IBITY', 22),
(265, 'AMBANO', 22),
(266, 'AMBATOMENA', 22),
(267, 'AMBOHIBARY', 22),
(268, 'AMBOHIDRANANDRIANA', 22),
(269, 'AMBOHIMIARIVO', 22),
(270, 'AMBOHITSIMANOVA', 22),
(271, 'ANDRANOMANELATRA', 22),
(272, 'ANTANAMBAO', 22),
(273, 'ANTANIMANDRY', 22),
(274, 'ANTSOANTANY', 22),
(275, 'BELAZAO', 22),
(276, 'MANANDONA', 22),
(277, 'MANDROSOHASINA', 22),
(278, 'MANGARANO', 22),
(279, 'SAHANIVOTRY MANANDONA', 22),
(280, 'SOANINDRARINY', 22),
(281, 'TSARAHONENANA SAHANIVOTRY', 22),
(282, 'VINANINKARENA', 22),
(283, 'ALAKAMISY ANATIVATO', 23),
(284, 'ALAKAMISY MAROSOSONA', 23),
(285, 'ALAROBIA BEMAHA', 23),
(286, 'AMBATONIKOLAHY', 23),
(287, 'AMBOHIMANAMBOLA', 23),
(288, 'AMBOHIMASINA', 23),
(289, 'ANDRANOMAFANA', 23),
(290, 'ANDREMBESOA', 23),
(291, 'MANOHISOA', 23),
(292, 'MANDRITSARA', 23),
(293, 'ANOSIARIVO MANAPA', 23),
(294, 'SOAVINA', 23),
(295, 'ANTOHOBE', 23),
(296, 'ANTSOSO', 23),
(297, 'BETAFO', 23),
(298, 'TRITRIVA', 23),
(299, 'MAHAIZA', 23),
(300, 'INANANTONANA', 23),
(301, 'AMBOHIBORONA', 24),
(302, 'ANDRANOMIADY', 24),
(303, 'ANTSAMPANIMAHAZO', 24),
(304, 'FARATSIHO', 24),
(305, 'MIANDRARIVO', 24),
(306, 'RAMAINANDRO', 24),
(307, 'VALABETOKANA', 24),
(308, 'FARAVOHITRA', 24),
(309, 'VINANINONY SUD', 24),
(310, 'MANDOTO', 25),
(311, 'VASIANA', 25),
(312, 'ANTANAMBAO AMBARY', 25),
(313, 'BETSOHANA', 25),
(314, 'ANKAZOMIRIOTRA', 25),
(315, 'VINANY', 25),
(316, 'ANJOMA RAMARTINA', 25),
(317, 'FIDIRANA', 25),
(318, 'MAROMANDRAY', 25),
(319, 'AMBALAHONKO', 26),
(320, 'AMBALIHA', 26),
(321, 'AMBANJA', 26),
(322, 'AMBODIMANGA RAMENA', 26),
(323, 'AMBOHIMARINA', 26),
(324, 'AMBOHIMENA', 26),
(325, 'AMBOHITRANDRIANA', 26),
(326, 'ANKATAFA', 26),
(327, 'ANKINGAMELOKA', 26),
(328, 'ANOROTSANGANA', 26),
(329, 'ANTAFIAMBOTRY', 26),
(330, 'ANTRANOKARANY', 26),
(331, 'ANTSAKOAMANONDRO', 26),
(332, 'ANTSATSAKA', 26),
(333, 'ANTSIRABE', 26),
(334, 'BEMANEVIKA HAUT-SAMBIRANO', 26),
(335, 'BEMANEVIKA OUEST', 26),
(336, 'BENAVONY', 26),
(337, 'DJANGOA', 26),
(338, 'MAEVATANANA', 26),
(339, 'MAHERIVARATRA', 26),
(340, 'MAROTOLANA', 26),
(341, 'MAROVATO', 26),
(342, 'ANTSAHABE CENTRE', 26),
(343, 'AMBAKIRANO', 27),
(344, 'AMBARAKARAKA', 27),
(345, 'AMBATOBEN \' ANJAVY', 27),
(346, 'AMBILOBE', 27),
(347, 'AMBODIBONARA', 27),
(348, 'AMPONDRALAVA', 27),
(349, 'ANABORANO IFASY', 27),
(350, 'ANJIABE HAUT', 27),
(351, 'ANTSARAVIBE', 27),
(352, 'ANTSOHIMBONDRONA', 27),
(353, 'BERAMANJA', 27),
(354, 'BETSIAKA', 27),
(355, 'MANAMBATO', 27),
(356, 'MANTALY', 27),
(357, 'TANAMBAO MARIVORAHONA', 27),
(358, 'ANTANABE', 27),
(359, 'SIRAMA', 27),
(360, 'ANTSIRANANA', 28),
(361, 'AMBONDRONA', 29),
(362, 'ANDRAFIABE', 29),
(363, 'ANDRANOFANJAVA', 29),
(364, 'ANDRANOVONDRONINA', 29),
(365, 'ANIVORANO NORD', 29),
(366, 'ANKARONGANA', 29),
(367, 'ANKETRAKABE', 29),
(368, 'ANTANAMITARANA', 29),
(369, 'ANTSAHAMPANO', 29),
(370, 'ANTSALAKA', 29),
(371, 'ANTSOHA', 29),
(372, 'BOBAKILANDY', 29),
(373, 'BOBASAKOA', 29),
(374, 'JOFFRE-VILLE', 29),
(375, 'MAHALINA', 29),
(376, 'MAHAVANONA', 29),
(377, 'MANGAOKA', 29),
(378, 'MOSOROLAVA', 29),
(379, 'RAMENA', 29),
(380, 'SADJOAVATO', 29),
(381, 'SAKARAMY', 29),
(382, 'ANTSAKOABE', 29),
(383, 'AMBOLOBOZOBE', 29),
(384, 'CU NOSY-BE', 30),
(385, 'AMBALAMANASY II', 31),
(386, 'AMBODIANGEZOKA', 31),
(387, 'AMBODIMANGA I', 31),
(388, 'ANDAPA', 31),
(389, 'ANDRAKATA', 31),
(390, 'ANDRANOMENA', 31),
(391, 'ANJIALAVABE', 31),
(392, 'ANKIAKABE NORD', 31),
(393, 'ANOVIARA', 31),
(394, 'ANTSAHAMENA', 31),
(395, 'BEALAMPONA', 31),
(396, 'BELAOKA LOKOHO', 31),
(397, 'BELAOKA MAROVATO', 31),
(398, 'BETSAKOTSAKO ANDRANOTSARA', 31),
(399, 'DOANY', 31),
(400, 'MAROVATO', 31),
(401, 'MATSOHELY', 31),
(402, 'TANANDAVA', 31),
(403, 'AMBODIDIVAINA', 31),
(404, 'ANDASIBE KOBAHINA', 31),
(405, 'AMBALAVELONA', 31),
(406, 'AMBALABE', 32),
(407, 'AMBINANIFAHO', 32),
(408, 'AMBOHITRALANANA', 32),
(409, 'AMPAHANA', 32),
(410, 'AMPANAVOANA', 32),
(411, 'AMPOHIBE', 32),
(412, 'ANDAMPY', 32),
(413, 'ANTALAHA', 32),
(414, 'ANTANANAMBO', 32),
(415, 'ANTOMBANA', 32),
(416, 'ANTSAHANORO', 32),
(417, 'ANTSAMBALAHY', 32),
(418, 'LANJARIVO', 32),
(419, 'MAROFINARITRA', 32),
(420, 'SARAHANDRANO', 32),
(421, 'VINANIVAO', 32),
(422, 'SAHANTAHA', 32),
(423, 'MANAKAMBAHINY ANKAVIA', 32),
(424, 'AMBATOAFO', 33),
(425, 'AMBOANGIBE', 33),
(426, 'AMBODIAMPANA', 33),
(427, 'AMBODIVOARA', 33),
(428, 'AMBOHIMALAZA', 33),
(429, 'AMBOHIMITSINJO', 33),
(430, 'ANALAMAHO', 33),
(431, 'ANDRAHANJO', 33),
(432, 'ANDRATAMARINA', 33),
(433, 'ANDREMBONA', 33),
(434, 'ANJANGOVERATRA', 33),
(435, 'ANJIALAVA', 33),
(436, 'ANJINJAOMBY', 33),
(437, 'ANTINDRA', 33),
(438, 'ANTSAHAVARIBE', 33),
(439, 'ANTSAMBAHARO', 33),
(440, 'BEMANEVIKA', 33),
(441, 'BEVONOTRA', 33),
(442, 'FARAHALANA', 33),
(443, 'MAROAMBIHY', 33),
(444, 'MAROGAONA', 33),
(445, 'MAROJALA', 33),
(446, 'MORAFENO', 33),
(447, 'NOSIARINA', 33),
(448, 'SAMBAVA', 33),
(449, 'TANAMBAO DAOUD', 33),
(450, 'ANDAPABE', 33),
(451, 'MAHASOA ANTINDRA', 33),
(452, 'AMBALASATRANA', 34),
(453, 'AMBINANIN \' ANDRAVORY', 34),
(454, 'AMBORIALA', 34),
(455, 'AMPANEFENA', 34),
(456, 'AMPISIKINANA', 34),
(457, 'AMPONDRA', 34),
(458, 'ANDRAFAINKONA', 34),
(459, 'ANDRAVORY', 34),
(460, 'AMBODISAMBALAHY', 34),
(461, 'ANTSIRABE NORD', 34),
(462, 'BELAMBO', 34),
(463, 'BOBAKINDRO', 34),
(464, 'DARAINA', 34),
(465, 'FANAMBANA', 34),
(466, 'MAROMOKOTRA LOKY', 34),
(467, 'MILANOA', 34),
(468, 'NOSIBE', 34),
(469, 'TSARABARIA', 34),
(470, 'VOHEMAR', 34),
(471, 'AMBATOFINANDRAHANA', 35),
(472, 'AMBATOMIFANONGOA', 35),
(473, 'AMBONDROMISOTRA', 35),
(474, 'AMBOROMPOTSY', 35),
(475, 'FENOARIVO', 35),
(476, 'ITREMO', 35),
(477, 'MANDROSONORO', 35),
(478, 'MANGATABOAHANGY', 35),
(479, 'SOAVINA', 35),
(480, 'ALAKAMISY AMBOHIJATO', 36),
(481, 'AMBALAMANAKANA', 36),
(482, 'AMBATOFITORAHANA', 36),
(483, 'AMBINANINDRANO', 36),
(484, 'AMBOHIMITOMBO I', 36),
(485, 'AMBOHIMITOMBO II', 36),
(486, 'AMBOSITRA', 36),
(487, 'AMBOSITRA BANLIEUE', 36),
(488, 'ANDINA', 36),
(489, 'ANKAZOAMBO', 36),
(490, 'ANTOETRA', 36),
(491, 'FAHIZAY', 36),
(492, 'IHADILANANA AMBOHINAMBOA', 36),
(493, 'ILAKA CENTRE', 36),
(494, 'IMERINA IMADY', 36),
(495, 'IVATO CENTRE', 36),
(496, 'IVONY MIARAMIASA', 36),
(497, 'KIANJANDRAKEFINA', 36),
(498, 'MAHAZINA AMBOHIPIERENANA', 36),
(499, 'MAROSOA', 36),
(500, 'SAHATSIHO AMBOHIMANJAKA', 36),
(501, 'TSARASAOTRA', 36),
(502, 'VOHIDAHY', 36),
(503, 'AMBOHIPERIVOANA', 36),
(504, 'ANKAZOTSARARAVINA', 36),
(505, 'ALAKAMISY AMBOHIMAHAZO', 37),
(506, 'ANKARINORO', 37),
(507, 'BETSIMISOTRA', 37),
(508, 'FANDRIANA', 37),
(509, 'FIADANANA', 37),
(510, 'IMITO', 37),
(511, 'MAHAZOARIVO', 37),
(512, 'MIARINAVARATRA', 37),
(513, 'MILAMAINA', 37),
(514, 'SAHAMADIO FISAKANA', 37),
(515, 'SANDRANDAHY', 37),
(516, 'TATAMALAZA', 37),
(517, 'TSARAZAZA', 37),
(518, 'SOANAKAMBANA', 37),
(519, 'ISANDRANDAHY AMBONY', 37),
(520, 'AMBATOMARINA', 38),
(521, 'AMBOHIMAHAZO', 38),
(522, 'AMBOHIMILANJA', 38),
(523, 'AMBOHIPO', 38),
(524, 'AMBOVOMBE CENTRE', 38),
(525, 'ANDAKATANY', 38),
(526, 'ANJOMA NANDIHIZANA', 38),
(527, 'ANJOMAN \' ANKONA', 38),
(528, 'TALATA VOHIMENA', 38),
(529, 'VINANY ANDAKATANIKELY', 38),
(530, 'SOATANANA', 38),
(531, 'ILANJANA', 38),
(532, 'ANTANINARENINA', 39),
(533, 'ANTONDABE', 39),
(534, 'BEFOTAKA SUD', 39),
(535, 'BEHARENA', 39),
(536, 'BEKOFAFA SUD', 39),
(537, 'MAROVITSIKA SUD', 39),
(538, 'RANOTSARA SUD', 39),
(539, 'ANTOKOBORITELO', 39),
(540, 'INOSY', 39),
(541, 'AMBALATANY', 40),
(542, 'AMBALAVATO NORD', 40),
(543, 'AMBALAVATO/ANTEVATO', 40),
(544, 'AMBOHIGOGO', 40),
(545, 'AMBOHIMANDROSO', 40),
(546, 'AMPOROFORO', 40),
(547, 'ANKARANA MIRAIHINA', 40),
(548, 'ANOSIVELO', 40),
(549, 'ANOSY TSARARAFA', 40),
(550, 'ANTSERANAMBE', 40),
(551, 'BEVOAY BERETRA', 40),
(552, 'EFATSY ANANDROZA', 40),
(553, 'ETROTROKA', 40),
(554, 'EVATO', 40),
(555, 'FARAFANGANA', 40),
(556, 'FENOARIVO', 40),
(557, 'IABOHAZO', 40),
(558, 'IHOROMBE', 40),
(559, 'IVANDRIKA', 40),
(560, 'MAHABO MANANIVO', 40),
(561, 'MAHAFASA CENTRE', 40),
(562, 'MAHAVELO', 40),
(563, 'MAHERIRATY', 40),
(564, 'MANAMBOTRA SUD', 40),
(565, 'MAROVANDRIKA', 40),
(566, 'NAMOHORA IABORANO', 40),
(567, 'SAHAMADIO', 40),
(568, 'TANGAINONY', 40),
(569, 'TOVONA', 40),
(570, 'VOHILENGO', 40),
(571, 'VOHIMASY', 40),
(572, 'VOHITROMBY', 40),
(573, 'VOHILAVAN\'I MANAMPATRANA', 40),
(574, 'ANDRANOLALINA', 41),
(575, 'ANKAZOVELO', 41),
(576, 'IVONDRO EX-LAVARATY', 41),
(577, 'NOSIFENO', 41),
(578, 'SOAKIBANY', 41),
(579, 'ZARA EX-MALIORANO', 41),
(580, 'BEVAHO', 41),
(581, 'AMBATOLAVA', 42),
(582, 'AMBONGO', 42),
(583, 'AMPARIHY EST', 42),
(584, 'AMPASIMALEMY', 42),
(585, 'AMPATAKA', 42),
(586, 'ANILOBE', 42),
(587, 'BEKARAOKY', 42),
(588, 'BEMA', 42),
(589, 'BEVATA', 42),
(590, 'VOHIPAHO', 42),
(591, 'FENOAMBANY', 42),
(592, 'IARA', 42),
(593, 'ISAHARA', 42),
(594, 'KARIMBARY', 42),
(595, 'LOHAFARY', 42),
(596, 'LOPARY', 42),
(597, 'MANAMBONDRO', 42),
(598, 'MAROKIBO', 42),
(599, 'MASIANAKA', 42),
(600, 'MATANGA', 42),
(601, 'RANOMENA', 42),
(602, 'SANDRAVINANY', 42),
(603, 'SOAMANOVA', 42),
(604, 'TSIANOFANA', 42),
(605, 'TSIATELY', 42),
(606, 'VANGAINDRANO', 42),
(607, 'VATANATO', 42),
(608, 'VOHIMALAZA', 42),
(609, 'VOHITRAMBO', 42),
(610, 'MAHABE', 42),
(611, 'FONILAZA', 42),
(612, 'AMBOHIMANA', 43),
(613, 'ANANDRAVY', 43),
(614, 'ANDAKANA', 43),
(615, 'ANTOKONALA', 43),
(616, 'IAMONTA', 43),
(617, 'IVATO', 43),
(618, 'KARIANGA', 43),
(619, 'MAHATSINJO', 43),
(620, 'MAHAVELO', 43),
(621, 'MAHAZOARIVO', 43),
(622, 'MANAMBIDALA', 43),
(623, 'MANATO', 43),
(624, 'MOROTEZA', 43),
(625, 'VOHIBOREKA', 43),
(626, 'VOHIMARY', 43),
(627, 'VONDROZO', 43),
(628, 'AMBODIRANO', 43),
(629, 'ANDOHARANO', 43),
(630, 'AMBALAVAO', 44),
(631, 'AMBINANINDOVOKA', 44),
(632, 'AMBINANIROA', 44),
(633, 'AMBOHIMAHAMASINA', 44),
(634, 'AMBOHIMANDROSO', 44),
(635, 'ANDRAINJATO', 44),
(636, 'ANJOMA', 44),
(637, 'ANKARAMENA', 44),
(638, 'BESOA', 44),
(639, 'FENOARIVO', 44),
(640, 'IARINTSENA', 44),
(641, 'KIRANO', 44),
(642, 'MAHAZONY', 44),
(643, 'MANAMISOA', 44),
(644, 'MIARINARIVO', 44),
(645, 'SENDRISOA', 44),
(646, 'VOHITSAOKA', 44),
(647, 'NAMOLY', 44),
(648, 'VOLAMENA', 44),
(649, 'AMBALAKINDRESY', 45),
(650, 'AMBATOSOA', 45),
(651, 'AMBOHIMAHASOA', 45),
(652, 'AMBOHINAMBOARINA', 45),
(653, 'AMPITANA', 45),
(654, 'ANKAFINA TSARAFIDY', 45),
(655, 'ANKERANA', 45),
(656, 'BEFETA', 45),
(657, 'CAMP ROBIN', 45),
(658, 'FIADANANA', 45),
(659, 'ISAKA', 45),
(660, 'IKALALAO', 45),
(661, 'MANANDROY', 45),
(662, 'MORAFENO', 45),
(663, 'SAHATONA', 45),
(664, 'SAHAVE', 45),
(665, 'VOHIPOSA', 45),
(666, 'VOHITRARIVO', 45),
(667, 'CU FIANARANTSOA', 46),
(668, 'AMBALAMIDERA II', 47),
(669, 'AMBONDRONA', 47),
(670, 'ANDOHARANOMAITSO', 47),
(671, 'ANJOMA ITSARA', 47),
(672, 'ANKARINARIVO MANIRISOA', 47),
(673, 'FANJAKANA', 47),
(674, 'IAVINOMBY VOHIBOLA', 47),
(675, 'ISORANA', 47),
(676, 'MAHAZOARIVO', 47),
(677, 'NASANDRATRONY', 47),
(678, 'SOATANANA', 47),
(679, 'ANDREAMALAMA', 47),
(680, 'AMBALAMIDERA AMBOHIMANA', 47),
(681, 'AMBATOMAINTY', 48),
(682, 'FITAMPITO', 48),
(683, 'IKALAMAVONY', 48),
(684, 'MANGIDY', 48),
(685, 'TANAMARINA SAKAY', 48),
(686, 'SOLILA', 48),
(687, 'TANAMARINA BEKISOPA', 48),
(688, 'TSITONDROINA', 48),
(689, 'ALAKAMISY ITENINA', 49),
(690, 'ANDRANOMIDITRA', 49),
(691, 'ANDRANOVORIVATO', 49),
(692, 'MAHADITRA', 49),
(693, 'MAHASOABE', 49),
(694, 'MANEVA', 49),
(695, 'SOAINDRANA', 49),
(696, 'TALATA AMPANO', 49),
(697, 'VINANITELO', 49),
(698, 'VOHIMARINA', 49),
(699, 'VOHITRAFENO', 49),
(700, 'IHAZOARA', 49),
(701, 'ANKAROMALAZA MIFANASOA', 49),
(702, 'VOHIBATO OUEST', 49),
(703, 'LAMOSINA', 49),
(704, 'ANJANOMANONA TSIMIAVAKA', 49),
(705, 'ALAKAMISY AMBOHIMAHA', 50),
(706, 'ALATSINAINY IALAMARINA', 50),
(707, 'AMBALAKELY', 50),
(708, 'AMBALAMAHASOA', 50),
(709, 'ANDRAINJATO CENTRE', 50),
(710, 'ANDRAINJATO EST', 50),
(711, 'ANDROY', 50),
(712, 'FANDRANDAVA', 50),
(713, 'IALANANINDRO', 50),
(714, 'IVOAMBA', 50),
(715, 'MAHATSINJONY', 50),
(716, 'SAHAMBAVY', 50),
(717, 'TAINDAMBO', 50),
(718, 'SAHAFATA', 50),
(719, 'AMPATSY AMPANGABE', 50),
(720, 'VINANINORO ANDREFANA', 50),
(721, 'BEGOGO', 51),
(722, 'IAKORA', 51),
(723, 'RANOTSARA NORD', 51),
(724, 'ANDRANOMBAO', 51),
(725, 'VOLAMBITA', 51),
(726, 'AMBATOLAHY', 52),
(727, 'AMBIA', 52),
(728, 'ANALALIRY', 52),
(729, 'ANALAVOKA', 52),
(730, 'ANDIOLAVA', 52),
(731, 'ANKILY', 52),
(732, 'ANTSOHA', 52),
(733, 'IHOSY', 52),
(734, 'ILAKAKA-BE', 52),
(735, 'MENAMATY-ILOTO', 52),
(736, 'IRINA', 52),
(737, 'MAHASOA', 52),
(738, 'RANOHIRA', 52),
(739, 'SAHAMBANO', 52),
(740, 'SAKALALINA', 52),
(741, 'SATROKALA', 52),
(742, 'SOAMATASY', 52),
(743, 'TOLOHOMIADY', 52),
(744, 'ZAZAFOTSY', 52),
(745, 'ANDOHAN\'ILAKAKA', 52),
(746, 'ANTAMBOHOBE', 53),
(747, 'IVOHIBE', 53),
(748, 'IVONGO', 53),
(749, 'MAROPAIKA', 53),
(750, 'KOTIPA', 53),
(751, 'ANTARAMENA', 53),
(752, 'AMBATOFOTSY', 54),
(753, 'AMBINANITROMBY', 54),
(754, 'AMBOHIMISAFY', 54),
(755, 'AMBOLOMADINIKA', 54),
(756, 'ANKARIMBELO', 54),
(757, 'ANTODINGA', 54),
(758, 'BELEMOKA', 54),
(759, 'IFANIREA', 54),
(760, 'IKONGO', 54),
(761, 'KALAFOTSY', 54),
(762, 'MANAMPATRANA', 54),
(763, 'MAROMIANDRA', 54),
(764, 'SAHALANONA', 54),
(765, 'TANAKAMBANA', 54),
(766, 'TOLONGOINA', 54),
(767, 'TSIFENOKATAKA', 54),
(768, 'ANDEFAMPONY', 54),
(769, 'AMBAHATRAZO', 55),
(770, 'AMBAHIVE', 55),
(771, 'AMBALAROKA', 55),
(772, 'AMBALAVERO', 55),
(773, 'AMBANDRIKA', 55),
(774, 'AMBILA', 55),
(775, 'AMBOANJO', 55),
(776, 'AMBOHITSARA-M', 55),
(777, 'AMBORONDRA', 55),
(778, 'AMBOTAKA', 55),
(779, 'AMPASIMANJEVA', 55),
(780, 'AMPASIMBORAKA', 55),
(781, 'AMPASIPOTSY SUD', 55),
(782, 'ANALAVORY', 55),
(783, 'ANOROMBATO', 55),
(784, 'ANTEZA', 55),
(785, 'BEKATRA', 55),
(786, 'BETAMPONA', 55),
(787, 'FENOMBY', 55),
(788, 'KIANJANOMBY', 55),
(789, 'LOKOMBY', 55),
(790, 'MAHABAKO', 55),
(791, 'MAHAMAIBE', 55),
(792, 'MANAKARA', 55),
(793, 'MANGATSIOTRA', 55),
(794, 'MAROFARIHY', 55),
(795, 'MAVORANO', 55),
(796, 'MITANTY', 55),
(797, 'MIZILO GARE', 55),
(798, 'NIHAONANA AMBANY', 55),
(799, 'NOSIALA', 55),
(800, 'ONILAHY', 55),
(801, 'SAHANAMBOHITRA', 55),
(802, 'SAHAREFO', 55),
(803, 'SAHASINAKA', 55),
(804, 'SAKOANA', 55),
(805, 'SOROMBO', 55),
(806, 'TATAHO', 55),
(807, 'VATANA', 55),
(808, 'VINANITELO', 55),
(809, 'VOHILAVA SAHASONDRY', 55),
(810, 'VOHIMANITRA', 55),
(811, 'VOHIMASINA NORD', 55),
(812, 'VOHIMASINA SUD', 55),
(813, 'VOHIMASY', 55),
(814, 'AMBOHITROVA', 55),
(815, 'MANJARIVO', 55),
(816, 'NAMORONA', 55),
(817, 'ANDEMAKA', 56),
(818, 'ANKARIMBARY', 56),
(819, 'ANOLOKA', 56),
(820, 'ANTANANABO', 56),
(821, 'IFATSY', 56),
(822, 'ILAKATRA', 56),
(823, 'IVATO', 56),
(824, 'LANIVO', 56),
(825, 'MAHABO', 56),
(826, 'MAHASOABE', 56),
(827, 'MAHAZOARIVO', 56),
(828, 'NATO', 56),
(829, 'ONJATSY', 56),
(830, 'SAHALAVA', 56),
(831, 'SAVANA', 56),
(832, 'VOHILANY', 56),
(833, 'VOHINDAVA', 56),
(834, 'VOHIPENO', 56),
(835, 'VOHITRINDRY', 56),
(836, 'ZAFINDRAFADY', 56),
(837, 'AMBOROBE', 56),
(838, 'AMBOHIMANGA SUD', 57),
(839, 'AMBOHIMIERA', 57),
(840, 'ANALAMPASINA', 57),
(841, 'ANDRORANGAVOLA', 57),
(842, 'ANTARETRA', 57),
(843, 'ANTSINDRA', 57),
(844, 'FASINTSARA', 57),
(845, 'IFANADIANA', 57),
(846, 'KELILALINA', 57),
(847, 'MAROHARATRA', 57),
(848, 'MAROTOKO', 57),
(849, 'RANOMAFANA', 57),
(850, 'TSARATANANA', 57),
(851, 'AMPASINAMBO', 57),
(852, 'AMBIABE', 57),
(853, 'AMBALAHOSY NORD', 58),
(854, 'AMBODINONOKA', 58),
(855, 'AMBOHIMIARINA II', 58),
(856, 'AMBOHINIHAONANA', 58),
(857, 'AMBOHITSARA EST', 58),
(858, 'ANDONABE', 58),
(859, 'ANDRANAMBOLAVA', 58),
(860, 'ANDRANOMAVO', 58),
(861, 'ANKATAFANA', 58),
(862, 'ANOSIMPARIHY', 58),
(863, 'ANTARETRA', 58),
(864, 'ANTSENAVOLO', 58),
(865, 'KIANJAVATO', 58),
(866, 'MAHATSARA IEFAKA', 58),
(867, 'MAHATSARA SUD', 58),
(868, 'MAHAVOKY NORD', 58),
(869, 'MAHELA', 58),
(870, 'MANAKANA NORD', 58),
(871, 'MANANJARY', 58),
(872, 'MAROFOTOTRA', 58),
(873, 'MAROKARIMA', 58),
(874, 'MAROSANGY', 58),
(875, 'MORAFENO', 58),
(876, 'SANDROHY', 58),
(877, 'TSARAVARY', 58),
(878, 'TSIATOSIKA', 58),
(879, 'VATOHANDRINA', 58),
(880, 'VOHILAVA', 58),
(881, 'TSARAHAFATRA', 58),
(882, 'MAROFODY', 58),
(883, 'AMBAHY', 59),
(884, 'AMBAKOBE', 59),
(885, 'AMBODIARA', 59),
(886, 'AMBODILAFA', 59),
(887, 'AMBODIRIAN\'I SAHAFARY', 59),
(888, 'AMPASINAMBO', 59),
(889, 'ANDARA', 59),
(890, 'ANDRORANGAVOLA', 59),
(891, 'ANGODONGODONA', 59),
(892, 'ANTANAMBAO', 59),
(893, 'BEFODY', 59),
(894, 'FIADANANA', 59),
(895, 'NOSY VARIKA', 59),
(896, 'SAHAVATO', 59),
(897, 'SOAVINA', 59),
(898, 'VOHIDROA', 59),
(899, 'VOHILAVA', 59),
(900, 'VOHITRANDRIANA', 59),
(901, 'FANIVELONA', 59),
(902, 'AMBALIHA', 60),
(903, 'ANDASIBE', 60),
(904, 'ANTANIMBARIBE', 60),
(905, 'BEHAZOMATY', 60),
(906, 'BETAIMBOAY', 60),
(907, 'KANDREHO', 60),
(908, 'MAHATSINJO SUD', 60),
(909, 'AMBALAJIA', 61),
(910, 'AMBALANJANAKOMBY', 61),
(911, 'ANDRIBA', 61),
(912, 'ANTANIMBARY', 61),
(913, 'ANTSIAFABOSITRA', 61),
(914, 'BEMOKOTRA', 61),
(915, 'BERATSIMANINA', 61),
(916, 'MADIROMIRAFY', 61),
(917, 'MAEVATANANA I', 61),
(918, 'MAEVATANANA II', 61),
(919, 'MAHATSINJO', 61),
(920, 'MAHAZOMA', 61),
(921, 'MANGABE', 61),
(922, 'MARIA', 61),
(923, 'MAROKORO', 61),
(924, 'MORAFENO', 61),
(925, 'TSARARANO', 61),
(926, 'BEANANA', 61),
(927, 'BERIVOTRA 5/5', 61),
(928, 'AMBAKIRENY', 62),
(929, 'AMPANDRANA', 62),
(930, 'ANDRIAMENA', 62),
(931, 'BEKAPAIKA', 62),
(932, 'BETRANDRAKA', 62),
(933, 'BRIEVILLE', 62),
(934, 'KELILOHA', 62),
(935, 'MANAKANA', 62),
(936, 'SAKOAMADINIKA', 62),
(937, 'SAROBARATRA', 62),
(938, 'TSARAROVA', 62),
(939, 'TSARATANANA', 62),
(940, 'ISINKO', 62),
(941, 'AMBATOBOENY', 63),
(942, 'AMBONDROMAMY', 63),
(943, 'ANDRANOFASIKA', 63),
(944, 'ANDRANOMAMY', 63),
(945, 'ANJIAJIA', 63),
(946, 'ANKIJABE', 63),
(947, 'ANKIRIHITRA', 63),
(948, 'MADIROVALO', 63),
(949, 'MANERINERINA', 63),
(950, 'SITAMPIKY', 63),
(951, 'TSARAMANDROSO', 63),
(952, 'AMBESISIKA', 63),
(953, 'MAHAJANGA', 64),
(954, 'AMBALABE BEFANJAVA', 65),
(955, 'AMBALAKIDA', 65),
(956, 'ANDRANOBOKA', 65),
(957, 'BEKOBAY CENTRE', 65),
(958, 'BELOBAKA', 65),
(959, 'BETSAKO', 65),
(960, 'BOANAMARY', 65),
(961, 'MAHAJAMBA USINE', 65),
(962, 'MARIARANO', 65),
(963, 'AMBOLOMOTY', 66),
(964, 'ANKARAOBATO', 66),
(965, 'ANKAZOMBORONA', 66),
(966, 'ANOSINALAINOLONA', 66),
(967, 'ANTANAMBAO ANDRANOLAVA', 66),
(968, 'ANTANIMASAKA', 66),
(969, 'BEMAHARIVO', 66),
(970, 'MANARATSANDRY', 66),
(971, 'MAROSAKOA', 66),
(972, 'MAROVOAY', 66),
(973, 'MAROVOAY BANLIEUE', 66),
(974, 'TSARARANO', 66),
(975, 'ANKABOKA', 66),
(976, 'AMBARIMANINGA', 67),
(977, 'ANTONGOMENA BEVARY', 67),
(978, 'ANTSEZA', 67),
(979, 'BEKIPAY', 67),
(980, 'KATSEPY', 67),
(981, 'MATSAKABANJA', 67),
(982, 'MITSINJO', 67),
(983, 'AMBOHIPAKY', 68),
(984, 'ANDRANOMAVO', 68),
(985, 'SOALALA', 68),
(986, 'ANTSAKOAMILEKA', 68),
(987, 'AMBATOMAINTY', 69),
(988, 'BEMARIVO', 69),
(989, 'MAROTSIALEHA', 69),
(990, 'SARODRANO', 69),
(991, 'MAKARAINGO', 69),
(992, 'ANTSALOVA', 70),
(993, 'BEKOPAKA', 70),
(994, 'MASOARIVO', 70),
(995, 'SOAHANY', 70),
(996, 'TRANGAHY', 70),
(997, 'BEMARAHA ATSINANANA', 70),
(998, 'AMBOLODIA SUD', 71),
(999, 'AMPAKO', 71),
(1000, 'ANKASAKASA TSIBIRAY', 71),
(1001, 'BEKODOKA', 71),
(1002, 'BESALAMPY', 71),
(1003, 'MAHABE', 71),
(1004, 'MAROVOAY SUD', 71),
(1005, 'SOANENGA', 71),
(1006, 'ANTSIRASIRA', 71),
(1007, 'ANDABOTOKA', 72),
(1008, 'ANDRANOVAO', 72),
(1009, 'ANDREA', 72),
(1010, 'ANKISATRA', 72),
(1011, 'ANTSAIDOHA BEBAO', 72),
(1012, 'ANTSONDRODAVA', 72),
(1013, 'BEBABOKA SUD', 72),
(1014, 'BELITSAKY', 72),
(1015, 'BEMOKOTRA SUD', 72),
(1016, 'BEREVO RANOBE', 72),
(1017, 'BETANATANANA', 72),
(1018, 'MAFAIJIJO', 72),
(1019, 'MAINTIRANO', 72),
(1020, 'MAROHAZO', 72),
(1021, 'MAROMAVO', 72),
(1022, 'TAMBOHORANO', 72),
(1023, 'VEROMANGA', 72),
(1024, 'ANDRAMY', 73),
(1025, 'BERAVINA', 73),
(1026, 'MORAFENOBE', 73),
(1027, 'ANTRANOKOAKY', 73),
(1028, 'AMBALIHA', 74),
(1029, 'AMBARIJEBY SUD', 74),
(1030, 'AMBOLOBOZO', 74),
(1031, 'ANALALAVA', 74),
(1032, 'ANDRIBAVONTSINA', 74),
(1033, 'ANGOAKA SUD', 74),
(1034, 'ANKARAMY', 74),
(1035, 'ANTONIBE', 74),
(1036, 'BEFOTAKA NORD', 74),
(1037, 'MAHADRODROKA', 74),
(1038, 'MAROMANDIA', 74),
(1039, 'MAROVANTAZA', 74),
(1040, 'MAROVATOLENA', 74),
(1041, 'BEJOFO', 74),
(1042, 'ANDREVOREVO', 74),
(1043, 'AMBODIMADIRO', 75),
(1044, 'AMBODIMANARY', 75),
(1045, 'AMBODIMANDRESY', 75),
(1046, 'AMPANDRIANKILANDY', 75),
(1047, 'ANAHIDRANO', 75),
(1048, 'ANDREBA', 75),
(1049, 'ANJALAZALA', 75),
(1050, 'ANJIAMANGIRANA', 75),
(1051, 'ANKERIKA', 75),
(1052, 'ANTSAHABE', 75),
(1053, 'ANTSOHIHY', 75),
(1054, 'MAROALA', 75),
(1055, 'AMBALAFAMINTY', 75),
(1056, 'AMBALAROMBA', 76),
(1057, 'AMBARARATA SOFIA', 76),
(1058, 'AMBARARATABE NORD', 76),
(1059, 'AMBATORIHA EST', 76),
(1060, 'AMBATOSIA', 76),
(1061, 'AMBODIADABO M', 76),
(1062, 'AMBODIAMPANA', 76),
(1063, 'AMBODISIKIDY', 76),
(1064, 'AMBOVONOMBY', 76),
(1065, 'ANALILA', 76),
(1066, 'ANJOZOROMADOSY', 76),
(1067, 'ANKAZOTOKANA', 76),
(1068, 'ANTANANIVO HAUT', 76),
(1069, 'ANTSAMAKA', 76),
(1070, 'BEALALANA', 76),
(1071, 'BEANDRAREZONA', 76),
(1072, 'MANGINDRANO', 76),
(1073, 'MAROTOLANA', 76),
(1074, 'AMBOHIMISONDROTRA', 76),
(1075, 'ANTSIRADAVA', 76),
(1076, 'AMBARARATA', 77),
(1077, 'AMBODIMOTSO SUD', 77),
(1078, 'AMBOLIDIBE EST', 77),
(1079, 'ANKARONGANA', 77),
(1080, 'ANTSAKABARY', 77),
(1081, 'ANTSAKANALABE', 77),
(1082, 'BEFANDRIANA NORD', 77),
(1083, 'MAROAMALONA', 77),
(1084, 'MATSONDAKANA', 77),
(1085, 'MORAFENO', 77),
(1086, 'TSARAHONENANA', 77),
(1087, 'TSIAMALAO', 77),
(1088, 'BELALONA', 77),
(1089, 'AMBODIMOTSO-HAUT', 77),
(1090, 'AMBODIHAZOAMBO', 78),
(1091, 'AMBOHITOAKA', 78),
(1092, 'AMPASIMATERA', 78),
(1093, 'ANKIRIRIKY', 78),
(1094, 'BEKORATSAKA', 78),
(1095, 'BETARAMAHAMAY', 78),
(1096, 'KOMAJIA', 78),
(1097, 'MALAKIALINA', 78),
(1098, 'MAMPIKONY', 78),
(1099, 'MAMPIKONY II', 78),
(1100, 'ANOVILAVA NORD', 78),
(1101, 'AMBALAKIRAJY', 79),
(1102, 'AMBARIKORANO', 79),
(1103, 'AMBARIPAIKA', 79),
(1104, 'AMBILOMBE', 79),
(1105, 'AMBOABOA', 79),
(1106, 'AMBODIADABO', 79),
(1107, 'AMBODIAMONTANA KIANGA', 79),
(1108, 'AMBOHISOA', 79),
(1109, 'AMBORONDOLO', 79),
(1110, 'AMPATAKAMARORENY', 79),
(1111, 'ANDOHAJANGO', 79),
(1112, 'ANDRATAMARINA', 79),
(1113, 'ANJIABE', 79),
(1114, 'ANKIAKABE FONOKO', 79),
(1115, 'ANKIABE SALOHY', 79),
(1116, 'ANTANAMBAON\'AMBERINA', 79),
(1117, 'ANTANANDAVA', 79),
(1118, 'ANTSATRAMIDOLA', 79),
(1119, 'ANTSIATSIAKA', 79),
(1120, 'ANTSIRABE CENTRE', 79),
(1121, 'ANTSOHA', 79),
(1122, 'KALANDY', 79),
(1123, 'MANAMPANEVA', 79),
(1124, 'MANDRITSARA', 79),
(1125, 'MAROTANDRANO', 79),
(1126, 'PONT -  SOFIA', 79),
(1127, 'TSARAJOMOKA', 79),
(1128, 'TSARATANANA', 79),
(1129, 'AMBINANIFANGO', 79),
(1130, 'AMBANJABE', 80),
(1131, 'AMBODIMAHABIBO', 80),
(1132, 'AMBODISAKOANA', 80),
(1133, 'AMBODIVONGO', 80),
(1134, 'AMPARIHY', 80),
(1135, 'ANDRANOMEVA', 80),
(1136, 'LEANJA', 80),
(1137, 'MAEVARANOHELY', 80),
(1138, 'MAROVATO', 80),
(1139, 'PORT BERGE II', 80),
(1140, 'PORT-BERGE', 80),
(1141, 'TSARAHASINA', 80),
(1142, 'TSARATANANA I', 80),
(1143, 'TSININGIA', 80),
(1144, 'TSINJOMITONDRAKA', 80),
(1145, 'IHOBAKA', 80),
(1146, 'AMBATOMILAHATRANO', 80),
(1147, 'ANDRANOMENA I', 80),
(1148, 'AMBANDRIKA', 81),
(1149, 'AMBATONDRAZAKA', 81),
(1150, 'AMBATONDRAZAKA SUBURBAIN', 81),
(1151, 'AMBATOSORATRA', 81),
(1152, 'AMBOHITSILAOZANA', 81),
(1153, 'AMPARIHINTSOKATRA', 81),
(1154, 'AMPITATSIMO', 81),
(1155, 'ANDILANATOBY', 81),
(1156, 'ANDROMBA', 81),
(1157, 'ANTANANDAVA', 81),
(1158, 'ANTSANGASANGA', 81),
(1159, 'BEJOFO', 81),
(1160, 'DIDY', 81),
(1161, 'FERAMANGA NORD', 81),
(1162, 'ILAFY', 81),
(1163, 'IMERIMANDROSO', 81),
(1164, 'MANAKAMBAHINY EST', 81),
(1165, 'MANAKAMBAHINY OUEST', 81),
(1166, 'SOALAZAINA', 81),
(1167, 'TANAMBAO BESAKAY', 81),
(1168, 'AMBOHIDAVA', 81),
(1169, 'AMBOHIBOROMANGA', 81),
(1170, 'AMBATOMAINTY', 82),
(1171, 'AMBOAVORY', 82),
(1172, 'AMBODIMANGA', 82),
(1173, 'AMBOHIJANAHARY', 82),
(1174, 'AMBOHIMANDROSO', 82),
(1175, 'AMBOHITRARIVO', 82),
(1176, 'AMPARAFARAVOLA', 82),
(1177, 'AMPASIKELY', 82),
(1178, 'ANDILANA NORD', 82),
(1179, 'ANDREBAKELY SUD', 82),
(1180, 'ANDREBAKELY NORD', 82),
(1181, 'ANORORO', 82),
(1182, 'BEANANA', 82),
(1183, 'BEDIDY', 82),
(1184, 'MORARANO CHROME', 82),
(1185, 'RANOMAINTY', 82),
(1186, 'SAHAMAMY', 82),
(1187, 'TANAMBE', 82),
(1188, 'VOHIMENA', 82),
(1189, 'VOHITSARA', 82),
(1190, 'ANDRANOBE', 82),
(1191, 'AMBODIRANO', 82),
(1192, 'ANDILAMENA', 83),
(1193, 'ANTANIMENABAKA', 83),
(1194, 'BEMAITSO', 83),
(1195, 'MAITSOKELY', 83),
(1196, 'MAROADABO', 83),
(1197, 'MAROVATO', 83),
(1198, 'MIARINARIVO', 83),
(1199, 'TANANANIFOLOLAHY', 83),
(1200, 'AMPONDRABE', 83),
(1201, 'AMBALAOMBY', 84),
(1202, 'AMBATOHARANANA', 84),
(1203, 'AMPANDROANTRAKA', 84),
(1204, 'AMPASIMANEVA', 84),
(1205, 'ANOSIBE AN\'ALA', 84),
(1206, 'ANTANDROKOMBY', 84),
(1207, 'LONGOZABE', 84),
(1208, 'NIAROVANA', 84),
(1209, 'TRATRAMARINA', 84),
(1210, 'TSARAVINANY', 84),
(1211, 'AMBODIMERANA', 84),
(1212, 'AMBATOVOLA', 85),
(1213, 'AMBOASARY', 85),
(1214, 'AMBOHIBARY', 85),
(1215, 'AMBOHIDRONONO', 85),
(1216, 'AMPASIPOTSY GARE', 85),
(1217, 'AMPASIPOTSY MANDIALAZA', 85),
(1218, 'ANDAINGO', 85),
(1219, 'ANDASIBE', 85),
(1220, 'ANOSIBE IFODY', 85),
(1221, 'ANTANANDAVA', 85),
(1222, 'ANTANIDITRA', 85),
(1223, 'BEFORONA', 85),
(1224, 'BELAVABARY', 85),
(1225, 'MANGARIVOTRA (EX  BEPARASY)', 85),
(1226, 'FIERENANA', 85),
(1227, 'LAKATO', 85),
(1228, 'MANDIALAZA', 85),
(1229, 'MORAMANGA', 85),
(1230, 'MORARANO GARE', 85),
(1231, 'SABOTSY ANJIRO', 85),
(1232, 'VODIRIANA', 85),
(1233, 'BEMBARY', 85),
(1234, 'ANALASOA', 85),
(1235, 'AMBATOHARANANA', 86),
(1236, 'AMBODIMANGA II', 86),
(1237, 'AMPASIMBE MANANTSANTRANA', 86),
(1238, 'AMPASINA MANINGORY', 86),
(1239, 'ANTSIATSIAKA', 86),
(1240, 'FENERIVE VILLE', 86),
(1241, 'MAHAMBO', 86),
(1242, 'MAHANORO', 86),
(1243, 'MIORIMIVALANA', 86),
(1244, 'SARANAMBANA', 86),
(1245, 'VOHILENGO', 86),
(1246, 'VOHIPENO', 86),
(1247, 'AMBANJAN \'I SAHALAVA', 86),
(1248, 'BETAMPONA', 86),
(1249, 'AMBATOHARANANA', 87),
(1250, 'AMBODIAMPANA', 87),
(1251, 'AMBODIVOANIO', 87),
(1252, 'ANDASIBE', 87),
(1253, 'ANTANAMBAOBE', 87),
(1254, 'ANTANAMBE', 87),
(1255, 'ANTANANANIVO', 87),
(1256, 'IMORONA', 87),
(1257, 'MANAMBOLOSY', 87),
(1258, 'MANANARA NORD', 87),
(1259, 'SANDRAKATSY', 87),
(1260, 'SAROMAONA', 87),
(1261, 'TANIBE', 87),
(1262, 'VANONO', 87),
(1263, 'ANALANAMPOTSY', 87),
(1264, 'MAHANORO', 87),
(1265, 'AMBANIZANA', 88),
(1266, 'AMBINANITELO', 88),
(1267, 'AMBODIMANGA RANTABE', 88),
(1268, 'ANANDRIVOLA', 88),
(1269, 'ANDRANOFOTSY', 88),
(1270, 'ANDRONDRONA', 88),
(1271, 'ANJAHANA', 88),
(1272, 'ANJANAZANA', 88),
(1273, 'ANKOFA', 88),
(1274, 'ANKOFABE', 88),
(1275, 'ANTAKOTAKO', 88),
(1276, 'ANTSIRABE SAHATANY', 88),
(1277, 'MAHALEVONA', 88),
(1278, 'MANAMBOLO', 88),
(1279, 'MAROANTSETRA', 88),
(1280, 'MORAFENO', 88),
(1281, 'RANTABE', 88),
(1282, 'VOLOINA', 88),
(1283, 'MARIARANO', 88),
(1284, 'SAHASINDRO', 88),
(1285, 'SAINTE MARIE', 89),
(1286, 'AMBAHOABE', 90),
(1287, 'AMBODIAMPANA', 90),
(1288, 'ANDAPAFITO', 90),
(1289, 'ANTANIFOTSY', 90),
(1290, 'ANTENINA', 90),
(1291, 'FOTSIALANANA', 90),
(1292, 'MANOMPANA', 90),
(1293, 'SOANIERANA IVONGO', 90),
(1294, 'AMBINANISAKANA', 90),
(1295, 'AMBATOHARANANA', 91),
(1296, 'AMBODIMANGAVALO', 91),
(1297, 'AMBOHIBE', 91),
(1298, 'AMPASIMAZAVA', 91),
(1299, 'ANDASIBE', 91),
(1300, 'ANJAHAMBE', 91),
(1301, 'MAROMITETY', 91),
(1302, 'MIARINARIVO', 91),
(1303, 'SAHATAVY', 91),
(1304, 'VAVATENINA', 91),
(1305, 'TANAMARINA', 91),
(1306, 'ATNSYTANAMBAO MANAMPOTSY', 92),
(1307, 'ATNSYTANANDEHIBE', 92),
(1308, 'MTSAYHELA', 92),
(1309, 'MTSAYNAKANA', 92),
(1310, 'STASIYVAZA', 92),
(1311, 'MTSAYNARATSANDRY', 92),
(1312, 'AMBALARONDRA', 93),
(1313, 'AMBINANINONY', 93),
(1314, 'AMBOHIMANANA', 93),
(1315, 'AMPASIMBE', 93),
(1316, 'ANDEKALEKA', 93),
(1317, 'ANDOVORANTO', 93),
(1318, 'ANIVORANO EST', 93),
(1319, 'ANJAHAMANA', 93),
(1320, 'BRICKAVILLE', 93),
(1321, 'FANASANA', 93),
(1322, 'FETRAOMBY', 93),
(1323, 'LOHARIANDAVA', 93),
(1324, 'MAHATSARA', 93),
(1325, 'MAROSERANANA', 93),
(1326, 'RANOMAFANA EST', 93),
(1327, 'RAZANAKA', 93),
(1328, 'VOHITRANIVONA', 93),
(1329, 'ANTSAMPANANA', 93),
(1330, 'AMBINANIDILANA', 94),
(1331, 'AMBINANINDRANO', 94),
(1332, 'AMBODIBONARA', 94),
(1333, 'AMBODIHARINA', 94),
(1334, 'ANKAZOTSIFANTATRA', 94),
(1335, 'BEFOTAKA', 94),
(1336, 'BETSIZARAINA', 94),
(1337, 'MAHANORO', 94),
(1338, 'MANJAKANDRIANA', 94),
(1339, 'MASOMELOKA', 94),
(1340, 'TSARAVINANY', 94),
(1341, 'ANDRANAMBOMARO', 94),
(1342, 'AMBALAPAISO II', 95),
(1343, 'AMBATOFISAKA II', 95),
(1344, 'AMBOASARY', 95),
(1345, 'AMBODINONOKA', 95),
(1346, 'AMBODIVOAHANGY', 95),
(1347, 'AMBOHIMILANJA', 95),
(1348, 'ANDONABE SUD', 95),
(1349, 'ANDRORANGAVOLA', 95),
(1350, 'ANOSIARIVO', 95),
(1351, 'BETAMPONA', 95),
(1352, 'LOHAVANANA', 95),
(1353, 'MAROLAMBO', 95),
(1354, 'SAHAKEVO', 95),
(1355, 'TANAMBAO RABEMANANA', 95),
(1356, 'MAROMITETY I', 95),
(1357, 'CU TOAMASINA', 96),
(1358, 'CU TOAMASINA arr. ANJOMA', 96),
(1359, 'CU TOAMASINA arr. ANKIRIHIRY', 96),
(1360, 'CU TOAMASINA arr. MORARANO', 96),
(1361, 'CU TOAMASINA arr. TANAMBAO', 96),
(1362, 'AMBODILAZANA', 97),
(1363, 'AMBODIRIANA', 97),
(1364, 'AMBODITANDROHO', 97),
(1365, 'AMPASIMADINIKA', 97),
(1366, 'AMPASIMBE ONIBE', 97),
(1367, 'AMPISOKINA', 97),
(1368, 'AMPOROFORO', 97),
(1369, 'ANDONDABE', 97),
(1370, 'ANDRANOBOLAHA', 97),
(1371, 'ANTENINA', 97),
(1372, 'ANTETEZAMBARO', 97),
(1373, 'FANANDRANA', 97),
(1374, 'FITO', 97),
(1375, 'FOULPOINTE', 97),
(1376, 'MANGABE', 97),
(1377, 'SAHAMBALA', 97),
(1378, 'TOAMASINA SUBURBAINE', 97),
(1379, 'SATRANDROY', 97),
(1380, 'AMBALABE', 98),
(1381, 'AMBALAVOLO', 98),
(1382, 'AMBODITAVOLO', 98),
(1383, 'AMBODIVOANANTO', 98),
(1384, 'AMPASIMADINIKA', 98),
(1385, 'AMPASIMAZAVA', 98),
(1386, 'ANTANAMBAO MAHATSARA', 98),
(1387, 'IAMBORANO', 98),
(1388, 'IFASINA I', 98),
(1389, 'IFASINA II', 98),
(1390, 'ILAKA EST', 98),
(1391, 'MAINTINANDRY', 98),
(1392, 'NIAROVANA CAROLINE', 98),
(1393, 'NIHERENANA', 98),
(1394, 'SAHAMATEVINA', 98),
(1395, 'TANAMBAO VAHATRAKAKA', 98),
(1396, 'TSARASAMBO', 98),
(1397, 'TSIVANGIANA', 98),
(1398, 'VATOMANDRY', 98),
(1399, 'IFASINA III', 98),
(1400, 'AMBODINONOKA RANGALANA', 98),
(1401, 'AMBANISARIKA', 99),
(1402, 'AMBAZOA', 99),
(1403, 'AMBOHIMALAZA', 99),
(1404, 'AMBONAIVO', 99),
(1405, 'AMBONDRO', 99),
(1406, 'AMBOVOMBE ANDROY', 99),
(1407, 'AMPAMATA', 99),
(1408, 'ANALAMARY', 99),
(1409, 'ANDALATANOSY', 99),
(1410, 'ANJEKY ANKILIKIRA', 99),
(1411, 'ANTANIMORA SUD', 99),
(1412, 'ERADA', 99),
(1413, 'IMANOMBO', 99),
(1414, 'JAFARO', 99),
(1415, 'MAROALOMAINTE', 99),
(1416, 'MAROALOPOTY', 99),
(1417, 'MAROVATO BEFENO', 99),
(1418, 'SIHANAMARO', 99),
(1419, 'TSIMANANADA', 99),
(1420, 'ANDRAGNANIVO', 99),
(1421, 'ANDOHARANO', 99),
(1422, 'AMBAHITA', 100),
(1423, 'AMBATOSOLA', 100),
(1424, 'ANIVORANO MITSINJO', 100),
(1425, 'ANJA NORD', 100),
(1426, 'ANKARANABO NORD', 100),
(1427, 'ANTSAKOAMARO', 100),
(1428, 'BEKITRO', 100),
(1429, 'BELINDO MAHASOA', 100),
(1430, 'BERAKETA', 100),
(1431, 'BESAKOA', 100),
(1432, 'BETEZA', 100),
(1433, 'BEVITIKY', 100),
(1434, 'MANAKOMPY', 100),
(1435, 'MAROVIRO', 100),
(1436, 'BEKILY CENTRALE', 100),
(1437, 'TANANDAVA', 100),
(1438, 'TSIKOLAKY', 100),
(1439, 'TSIRANDRANY', 100),
(1440, 'VOHIMANGA', 100),
(1441, 'MIKAIKARIVO AMBATOMAINTY', 100),
(1442, 'BEHABOBO', 101),
(1443, 'BELOHA ANDROY', 101),
(1444, 'KOPOKY', 101),
(1445, 'MAROLINTA', 101),
(1446, 'TRANOROA', 101),
(1447, 'TRANOVAHO', 101),
(1448, 'AMBATOTSIVALA', 101),
(1449, 'MAHAENEGNE', 101),
(1450, 'ANJAMPALY', 102),
(1451, 'ANTARITARIKA', 102),
(1452, 'FAUX CAP', 102),
(1453, 'IMONGY', 102),
(1454, 'MAROVATO', 102),
(1455, 'NIKOLY', 102),
(1456, 'TSIHOMBE', 102),
(1457, 'ANKILIVALO', 102),
(1458, 'BEHAZOMANGA', 102),
(1459, 'AMBOASARY SUD', 103),
(1460, 'BEHARA', 103),
(1461, 'EBELO', 103),
(1462, 'ELONTY', 103),
(1463, 'ESIRA', 103),
(1464, 'IFOTAKA', 103),
(1465, 'MAHALY', 103),
(1466, 'MANEVY', 103),
(1467, 'MAROMBY', 103),
(1468, 'MAROTSIRAKA', 103),
(1469, 'RANOBE', 103),
(1470, 'SAMPONA', 103),
(1471, 'TANANDAVA SUD', 103),
(1472, 'TOMBOARIVO', 103),
(1473, 'TRANOMARO', 103),
(1474, 'TSIVORY', 103),
(1475, 'MAHABO', 103),
(1476, 'BERANO VILLE', 103),
(1477, 'AMBALASOA', 104),
(1478, 'AMBATOMIVARY', 104),
(1479, 'ANALAMARY', 104),
(1480, 'ANDRIANDAMPY', 104),
(1481, 'BEAMPOMBO I', 104),
(1482, 'BEAMPOMBO II', 104),
(1483, 'BEKOROBO', 104),
(1484, 'BENATO TOBY', 104),
(1485, 'BETROKA', 104),
(1486, 'IABOROTRA', 104),
(1487, 'IANABINDA', 104),
(1488, 'IANAKAFY', 104),
(1489, 'ISOANALA', 104),
(1490, 'IVAHONA', 104),
(1491, 'JANGANY', 104),
(1492, 'MAHABO', 104),
(1493, 'MAHASOA EST', 104),
(1494, 'NANARENA BESAKOA', 104),
(1495, 'NANINORA', 104),
(1496, 'SAKAMAHILY', 104),
(1497, 'TSARAITSO', 104),
(1498, 'KELIVAHO', 104),
(1499, 'AMBATOABO', 105),
(1500, 'AMPASIMENA', 105),
(1501, 'AMPASY NAHAMPOANA', 105),
(1502, 'ANALAMARY', 105),
(1503, 'ANALAPATSY', 105),
(1504, 'ANDRANOBORY', 105),
(1505, 'ANKARAMENA', 105),
(1506, 'ANKARIERA', 105),
(1507, 'BEVOAY', 105),
(1508, 'EMAGNOBO', 105),
(1509, 'ENAKARA HAUT', 105),
(1510, 'ENANILIHA', 105),
(1511, 'FENOEVO EFITA', 105),
(1512, 'IABOAKOHO', 105),
(1513, 'IFARANTSA', 105),
(1514, 'ISAKA IVONDRO', 105),
(1515, 'MAHATALAKY', 105),
(1516, 'MANAMBARO', 105),
(1517, 'MANANTENINA', 105),
(1518, 'MANDISO', 105),
(1519, 'MANDROMODROMOTRA', 105),
(1520, 'RANOMAFANA SUD', 105),
(1521, 'RANOPISO', 105),
(1522, 'SARISAMBO', 105),
(1523, 'SOANIERANA', 105),
(1524, 'SOAVARY', 105),
(1525, 'TOLAGNARO', 105),
(1526, 'ANKILIVALO', 105),
(1527, 'TANANDAVA MANDRARE', 105),
(1528, 'AMBOROPOTSY', 106),
(1529, 'AMPANIHY CENTRE', 106),
(1530, 'ANDROKA', 106),
(1531, 'ANKILIABO', 106),
(1532, 'ANKILIMIVORY', 106),
(1533, 'ANKILIZATO', 106),
(1534, 'ANTALY', 106),
(1535, 'BEAHITSE', 106),
(1536, 'BELAFIKE HAUT', 106),
(1537, 'BEROY SUD', 106),
(1538, 'EJEDA', 106),
(1539, 'FOTADREVO', 106),
(1540, 'GOGOGOGO', 106),
(1541, 'ITAMPOLO', 106),
(1542, 'MANIRY', 106),
(1543, 'VOHITANY', 106),
(1544, 'AGNAVOHA', 106),
(1545, 'ANDROIMPANO', 106),
(1546, 'BEARA', 106),
(1547, 'ANDRANOMAFANA', 107),
(1548, 'ANKAZOABO SUD', 107),
(1549, 'BERENTY', 107),
(1550, 'FOTIVOLO', 107),
(1551, 'ILEMBY', 107),
(1552, 'TANDRANO', 107),
(1553, 'ANKILIVALOKELY', 107),
(1554, 'AMBATOLAHY', 107),
(1555, 'ANKERIKY', 107),
(1556, 'AMBALAVATO', 108),
(1557, 'BENENITRA', 108),
(1558, 'EHARA', 108),
(1559, 'IANAPERA', 108),
(1560, 'BENONOKY', 108),
(1561, 'ANKILIMARY', 108),
(1562, 'BEHISATSY', 109),
(1563, 'BEMAVO', 109),
(1564, 'BEROROHA', 109),
(1565, 'FANJAKANA', 109),
(1566, 'MANDRONARIVO', 109),
(1567, 'MARERANO', 109),
(1568, 'SAKENA', 109),
(1569, 'TANAMARY', 109),
(1570, 'TANANDAVA', 109),
(1571, 'AMBATRY MITSINJO', 110),
(1572, 'ANDRANOMANGATSIAKA', 110),
(1573, 'ANKAZOMANGA OUEST', 110),
(1574, 'ANKAZOMBALALA', 110),
(1575, 'ANKILIVALO', 110),
(1576, 'ANTOHABATO', 110),
(1577, 'ANTSAVOA', 110),
(1578, 'BEANTAKE', 110),
(1579, 'BELAMOTY', 110),
(1580, 'BESELY', 110),
(1581, 'BETIOKY SUD', 110),
(1582, 'BEZAHA', 110),
(1583, 'FENOANDALA', 110),
(1584, 'LAZARIVO', 110),
(1585, 'MANALOBE', 110),
(1586, 'MAROARIVO ANKAZOMANGA', 110),
(1587, 'MAROSAVOA', 110),
(1588, 'MASIABOAY', 110),
(1589, 'MONTIFENO', 110),
(1590, 'SAKAMASAY', 110),
(1591, 'SALOBE', 110),
(1592, 'SOAMANONGA', 110),
(1593, 'SOASERANA', 110),
(1594, 'TANAMBAO HAUT', 110),
(1595, 'TEMEANTSOA', 110),
(1596, 'TONGOBORY', 110),
(1597, 'VATOLATSAKA', 110),
(1598, 'BEORA', 110),
(1599, 'SAVAZY II', 110),
(1600, 'VOHIMARY', 110),
(1601, 'AMBAHIKILY', 111),
(1602, 'ANTANIMIEVA', 111),
(1603, 'ANTONGO VAOVAO', 111),
(1604, 'BASIBASY', 111),
(1605, 'BEFANDEFA', 111),
(1606, 'BEFANDRIANA SUD', 111),
(1607, 'MOROMBE', 111),
(1608, 'TANANDAVA STATION', 111),
(1609, 'ANKATSAKANTSA SUD', 111),
(1610, 'AMBINANY', 112),
(1611, 'AMBORONABO', 112),
(1612, 'ANDAMASINY VINETA', 112),
(1613, 'ANDRANOLAVA', 112),
(1614, 'BERAKETA', 112),
(1615, 'MAHABOBOKA', 112),
(1616, 'MIARY LAMATIHY', 112),
(1617, 'MIARY TAHEZA', 112),
(1618, 'MIHAVATSY', 112),
(1619, 'MIKOBOKA', 112),
(1620, 'MITSINJO', 112),
(1621, 'SAKARAHA', 112),
(1622, 'TOLIARA I', 113),
(1623, 'AMBOHIMAHAVELONA', 114),
(1624, 'AMBOLOFOTY', 114),
(1625, 'ANAKAO', 114),
(1626, 'ANALAMISAMPY', 114),
(1627, 'ANDRANOHINALY', 114),
(1628, 'ANDRANOVORY', 114),
(1629, 'ANKILILOAKA', 114),
(1630, 'ANKILIMALINIKA', 114),
(1631, 'ANTANIMENA', 114),
(1632, 'BEHELOKA', 114),
(1633, 'BEHOMPY', 114),
(1634, 'BELALANDA', 114),
(1635, 'BETSINJAKA', 114),
(1636, 'MANOMBO SUD', 114),
(1637, 'MANOROFIFY', 114),
(1638, 'MAROFOTY', 114),
(1639, 'MAROMIANDRA', 114),
(1640, 'MIARY', 114),
(1641, 'MILENAKA', 114),
(1642, 'MITSINJO BETANIMENA', 114),
(1643, 'SAINT AUGUSTIN', 114),
(1644, 'SOALARA SUD', 114),
(1645, 'TSIANISIHA', 114),
(1646, 'EFOETSE', 114),
(1647, 'SOAHAZO', 114),
(1648, 'TSIFOTA', 114),
(1649, 'AMBIKY', 115),
(1650, 'ABOALIMENA', 115),
(1651, 'ANDIMAKY MANAMBOLO', 115),
(1652, 'ANKALALOBE', 115),
(1653, 'ANKOROROKY', 115),
(1654, 'ANTSOHA', 115),
(1655, 'BELINTA', 115),
(1656, 'BELO SUR TSIRIBIHINA', 115),
(1657, 'BEMARIVO ANKIRONDRO', 115),
(1658, 'BEREVO', 115),
(1659, 'BEROBOKA', 115),
(1660, 'MASOARIVO', 115),
(1661, 'TSARAOTANA', 115),
(1662, 'TSIMAFANA', 115),
(1663, 'DELTA', 115),
(1664, 'AMBIA', 116),
(1665, 'AMPANIHY', 116),
(1666, 'ANALAMITSIVALANA', 116),
(1667, 'ANKILIVALO', 116),
(1668, 'ANKILIZATO', 116),
(1669, 'BEFOTAKA', 116),
(1670, 'BERONONO', 116),
(1671, 'MAHABO', 116),
(1672, 'MALAIMBANDY', 116),
(1673, 'MANDABE', 116),
(1674, 'TSIMAZAVA', 116),
(1675, 'BEZEZIKA', 116),
(1676, 'ANDRANOPASY', 117),
(1677, 'ANKILIABO', 117),
(1678, 'ANONTSIBE CENTRE', 117),
(1679, 'BEHARONA', 117),
(1680, 'MANJA', 117),
(1681, 'SOASERANA', 117),
(1682, 'BETSIOKY', 117),
(1683, 'AMBATOLAHY', 118),
(1684, 'AMPANIHY', 118),
(1685, 'ANKAVANDRA', 118),
(1686, 'ANKONDROMENA', 118),
(1687, 'ANKOTROFOTSY', 118),
(1688, 'ANOSIMENA', 118),
(1689, 'BEMAHATAZANA', 118),
(1690, 'BETSIPOLITRA', 118),
(1691, 'DABOLAVA', 118),
(1692, 'ISALO', 118),
(1693, 'ITONDY', 118),
(1694, 'MANAMBINA', 118),
(1695, 'MANANDAZA', 118),
(1696, 'MIANDRIVAZO', 118),
(1697, 'SOALOKA', 118),
(1698, 'ANDRANOMAINTY', 118),
(1699, 'ANALAIVA', 119),
(1700, 'BEFASY', 119),
(1701, 'BELO SUR MER', 119),
(1702, 'BEMANONGA', 119),
(1703, 'MORONDAVA', 119),
(1704, 'MAROFANDILIA', 119);

-- --------------------------------------------------------

--
-- Structure de la table `district`
--

DROP TABLE IF EXISTS `district`;
CREATE TABLE IF NOT EXISTS `district` (
  `id` int NOT NULL AUTO_INCREMENT,
  `region_id` int NOT NULL,
  `nom` varchar(150) CHARACTER SET utf8mb4 COLLATE utf8mb4_unicode_ci NOT NULL,
  `latitude` double DEFAULT NULL,
  `longitude` double DEFAULT NULL,
  PRIMARY KEY (`id`),
  KEY `IDX_31C1548798260155` (`region_id`)
) ENGINE=InnoDB AUTO_INCREMENT=120 DEFAULT CHARSET=utf8mb4 COLLATE=utf8mb4_unicode_ci;

--
-- Déchargement des données de la table `district`
--

INSERT INTO `district` (`id`, `region_id`, `nom`, `latitude`, `longitude`) VALUES
(1, 1, 'AMBOHIDRATRIMO', -18.8186405, 47.4395021),
(2, 1, 'ANDRAMASINA', -19.1890822, 47.5894587),
(3, 1, 'Anjozorobe', -18.401176, 47.8820115),
(4, 1, 'Ankazobe', -18.3143843, 47.1144865),
(5, 1, 'Antananarivo Atsimondrano', -19.0098481, 47.5123767),
(6, 1, 'Antananarivo Avaradrano', -18.9171439, 47.6257222),
(7, 1, 'Manjakandriana', -19.8001396, 48.5749333),
(8, 1, 'Antananarivo-I', -21.743247, 46.6145685),
(9, 1, 'Antananarivo-II', -18.9100122, 47.5255809),
(10, 1, 'Antananarivo-III', -18.8792, 47.5079),
(11, 1, 'Antananarivo-IV', -18.9100122, 47.5255809),
(12, 1, 'Antananarivo-V', -18.9100122, 47.5255809),
(13, 1, 'Antananarivo-VI', -18.9100122, 47.5255809),
(14, 2, 'FENOARIVOBE', -18.4518171, 46.5642647),
(15, 2, 'TSIROANOMANDIDY', -18.7698412, 46.0495226),
(16, 3, 'ARIVONIMAMO', -19.0087687, 47.1797742),
(17, 3, 'MIARINARIVO', -18.956006, 46.906709),
(18, 3, 'SOAVINANDRIANA', -18.6970227, 47.8707737),
(19, 4, 'AMBATOLAMPY', -19.3858258, 47.4271559),
(20, 4, 'ANTANIFOTSY', -19.6612484, 47.3236143),
(21, 4, 'ANTSIRABE I', -14.7446399, 49.5642507),
(22, 4, 'ANTSIRABE II', -13.975833, 49.965937),
(23, 4, 'BETAFO', -19.8385451, 46.8562285),
(24, 4, 'FARATSIHO', -19.4050956, 46.9508361),
(25, 4, 'MANDOTO', -19.5790031, 46.2881896),
(26, 5, 'AMBANJA', -13.6758118, 48.4527762),
(27, 5, 'AMBILOBE', -13.194439, 49.049956),
(28, 5, 'ANTSIRANANA I', -12.2779632, 49.2913743),
(29, 5, 'ANTSIRANANA II', -12.2779632, 49.2913743),
(30, 5, 'NOSY-BE', -13.311953, 48.2533986),
(31, 6, 'ANDAPA', -14.6622706, 49.6517827),
(32, 6, 'ANTALAHA', -14.9012302, 50.2810433),
(33, 6, 'SAMBAVA', -14.254956, 50.1556533),
(34, 6, 'VOHEMAR', -13.3721237, 50.0000818),
(35, 7, 'AMBATOFINANDRAHANA', -20.5505835, 46.8032175),
(36, 7, 'AMBOSITRA', -20.5328149, 47.2450521),
(37, 7, 'FANDRIANA', -20.2387837, 47.3783614),
(38, 7, 'MANANDRIANA', -21.9999939, 47.0503087),
(39, 8, 'BEFOTAKA ATSIMO', -23.8236932, 46.9859429),
(40, 8, 'FARAFANGANA', -22.8217524, 47.8307127),
(41, 8, 'MIDONGY SUD', -23.5895974, 47.0168975),
(42, 8, 'VANGAINDRANO', -23.3498702, 47.6047642),
(43, 8, 'VONDROZO', -22.8204183, 47.3210914),
(44, 9, 'AMBALAVAO', -21.8316233, 46.9384737),
(45, 9, 'AMBOHIMAHASOA', -21.106357, 47.214455),
(46, 9, 'FIANARANTSOA', -21.456444, 47.085149),
(47, 9, 'ISANDRA', -21.305848, 46.9395375),
(48, 9, 'IKALAMAVONY', -21.1671472, 46.5980166),
(49, 9, 'VOHIBATO', -21.9288389, 47.861402),
(50, 9, 'LALANGINA', -21.4155296, 47.2712074),
(51, 10, 'IAKORA', -23.100785, 46.659336),
(52, 10, 'IHOSY', -22.403183, 46.1289903),
(53, 10, 'IVOHIBE', -22.4810358, 46.888135),
(54, 11, 'IKONGO', -21.8784467, 47.4359236),
(55, 11, 'MANAKARA', -22.1449564, 48.0113527),
(56, 11, 'VOHIPENO', -22.3548744, 47.8399542),
(57, 12, 'IFANADIANA', -21.3029887, 47.6366961),
(58, 12, 'MANANJARY', -21.2385393, 48.3463035),
(59, 12, 'NOSY VARIKA', -20.5829067, 48.5322582),
(60, 13, 'KANDREHO', -17.4840961, 46.0947251),
(61, 13, 'MAEVATANANA', -14.1825211, 50.1147574),
(62, 13, 'TSARATANANA', -21.1802183, 47.6377719),
(63, 14, 'AMBATO BOENI', -16.4716451, 46.7148208),
(64, 14, 'MAHAJANGA I', -16.6008695, 46.1775255),
(65, 14, 'MAHAJANGA II', -15.7149358, 46.317269),
(66, 14, 'MAROVOAY', -16.1088044, 46.642048),
(67, 14, 'MITSINJO', -16.011496, 45.866061),
(68, 14, 'SOALALA', -16.102869, 45.328472),
(69, 15, 'AMBATOMAINTY', -20.8982909, 46.4514181),
(70, 15, 'ANTSALOVA', -18.6757519, 44.6219368),
(71, 15, 'BESALAMPY', -16.7484406, 44.4908675),
(72, 15, 'MAINTIRANO', -18.0608947, 44.023951),
(73, 15, 'MORAFENOBE', -17.8189515, 44.9251181),
(74, 16, 'ANALALAVA', -14.6320018, 47.7487026),
(75, 16, 'ANTSOHIHY', -14.8775272, 47.98715),
(76, 16, 'BEALANANA', -14.5423728, 48.7482434),
(77, 16, 'BEFANDRIANA NORD', -15.4777863, 48.473348),
(78, 16, 'MAMPIKONY', -16.093117, 47.642735),
(79, 16, 'MANDRITSARA', -15.844323, 48.8238884),
(80, 16, 'PORT-BERGE', -15.5668595, 47.6207245),
(81, 17, 'AMBATONDRAZAKA', -17.8237084, 48.4267188),
(82, 17, 'AMPARAFARAVOLA', -17.587293, 48.2237417),
(83, 17, 'ANDILAMENA', -17.0141073, 48.5725128),
(84, 17, 'ANOSIBE AN ALA', -19.4382256, 48.2060125),
(85, 17, 'MORAMANGA', -18.9471494, 48.2304269),
(86, 18, 'FENERIVE EST', -17.382029, 49.4099733),
(87, 18, 'MANANARA-NORD', -16.2123481, 49.4868928),
(88, 18, 'MAROANTSETRA', -15.4348742, 49.7422912),
(89, 18, 'SAINTE MARIE', -16.13333, 46.96667),
(90, 18, 'SOANIERANA IVONGO', -16.920327, 49.585367),
(91, 18, 'VAVATENINA', -17.4675002, 49.19623),
(92, 19, 'ANTANAMBAO MANAMPO', -20.75, 48.3333),
(93, 19, 'BRICKAVILLE', -18.8208628, 49.0694434),
(94, 19, 'MAHANORO', -19.9001695, 48.8094884),
(95, 19, 'MAROLAMBO', -20.0489861, 48.1303834),
(96, 19, 'TOAMASINA I', -18.1553985, 49.4098352),
(97, 19, 'TOAMASINA II', -18.1552071, 49.4126967),
(98, 19, 'VATOMANDRY', -19.3336272, 48.9790394),
(99, 20, 'AMBOVOMBE ANDROY', -25.178398, 46.0877489),
(100, 20, 'BEKILY', -24.2220541, 45.3189359),
(101, 20, 'BELOHA ANDROY', -25.173662, 45.0610399),
(102, 20, 'TSIHOMBE', -25.318547, 45.484057),
(103, 21, 'AMBOASARY SUD', -25.0359198, 46.3853238),
(104, 21, 'BETROKA', -23.2672273, 46.097117),
(105, 21, 'TAOLANARO', -25.03249, 46.98329),
(106, 22, 'AMPANIHY OUEST', -18.46667, 45),
(107, 22, 'ANKAZOABO SUD', -22.28333, 44.51667),
(108, 22, 'BENENITRA', -23.4483649, 45.080135),
(109, 22, 'BEROROHA', -21.679782, 45.169849),
(110, 22, 'BETIOKY SUD', -23.7167, 44.3833),
(111, 22, 'MOROMBE', -21.7440435, 43.3593054),
(112, 22, 'SAKARAHA', -22.9119193, 44.5323696),
(113, 22, 'TOLIARY I', -23.3583287, 43.669432),
(114, 22, 'TOLIARY II', -23.35, 43.6667),
(115, 23, 'BELO SUR TSIRIBIHINA', -19.6898203, 44.5448105),
(116, 23, 'MAHABO', -22.3243446, 47.7993853),
(117, 23, 'MANJA', -21.434135, 44.3303717),
(118, 23, 'MIANDRIVAZO', -19.5312416, 45.4587681),
(119, 23, 'MORONDAVA', -20.2951102, 44.2786121);

-- --------------------------------------------------------

--
-- Structure de la table `doctrine_migration_versions`
--

DROP TABLE IF EXISTS `doctrine_migration_versions`;
CREATE TABLE IF NOT EXISTS `doctrine_migration_versions` (
  `version` varchar(191) COLLATE utf8_unicode_ci NOT NULL,
  `executed_at` datetime DEFAULT NULL,
  `execution_time` int DEFAULT NULL,
  PRIMARY KEY (`version`)
) ENGINE=InnoDB DEFAULT CHARSET=utf8mb3 COLLATE=utf8_unicode_ci;

--
-- Déchargement des données de la table `doctrine_migration_versions`
--

INSERT INTO `doctrine_migration_versions` (`version`, `executed_at`, `execution_time`) VALUES
('DoctrineMigrations\\Version20241009083228', '2024-10-10 07:28:39', 163),
('DoctrineMigrations\\Version20241011064418', '2024-10-11 06:44:41', 341),
('DoctrineMigrations\\Version20241011064955', '2024-10-11 06:50:15', 32),
('DoctrineMigrations\\Version20241017140601', '2024-10-17 14:06:17', 115),
('DoctrineMigrations\\Version20241108121216', '2024-11-08 12:13:33', 1696),
('DoctrineMigrations\\Version20241125081721', '2024-11-25 08:22:58', 1046),
('DoctrineMigrations\\Version20250112171801', '2025-01-12 17:19:39', 513);

-- --------------------------------------------------------

--
-- Structure de la table `messenger_messages`
--

DROP TABLE IF EXISTS `messenger_messages`;
CREATE TABLE IF NOT EXISTS `messenger_messages` (
  `id` bigint NOT NULL AUTO_INCREMENT,
  `body` longtext COLLATE utf8mb4_unicode_ci NOT NULL,
  `headers` longtext COLLATE utf8mb4_unicode_ci NOT NULL,
  `queue_name` varchar(190) COLLATE utf8mb4_unicode_ci NOT NULL,
  `created_at` datetime NOT NULL COMMENT '(DC2Type:datetime_immutable)',
  `available_at` datetime NOT NULL COMMENT '(DC2Type:datetime_immutable)',
  `delivered_at` datetime DEFAULT NULL COMMENT '(DC2Type:datetime_immutable)',
  PRIMARY KEY (`id`),
  KEY `IDX_75EA56E0FB7336F0` (`queue_name`),
  KEY `IDX_75EA56E0E3BD61CE` (`available_at`),
  KEY `IDX_75EA56E016BA31DB` (`delivered_at`)
) ENGINE=InnoDB DEFAULT CHARSET=utf8mb4 COLLATE=utf8mb4_unicode_ci;

-- --------------------------------------------------------

--
-- Structure de la table `region`
--

DROP TABLE IF EXISTS `region`;
CREATE TABLE IF NOT EXISTS `region` (
  `id` int NOT NULL AUTO_INCREMENT,
  `nom` varchar(150) COLLATE utf8mb4_unicode_ci NOT NULL,
  PRIMARY KEY (`id`)
) ENGINE=InnoDB AUTO_INCREMENT=25 DEFAULT CHARSET=utf8mb4 COLLATE=utf8mb4_unicode_ci;

--
-- Déchargement des données de la table `region`
--

INSERT INTO `region` (`id`, `nom`) VALUES
(1, 'ANALAMANGA'),
(2, 'BONGOLAVA'),
(3, 'ITASY'),
(4, 'VAKINANKARATRA'),
(5, 'DIANA'),
(6, 'SAVA'),
(7, 'AMORON\'I MANIA'),
(8, 'ATSIMO-ATSINANANA'),
(9, 'HAUTE MATSIATRA'),
(10, 'IHOROMBE'),
(11, 'FITOVINANY'),
(12, 'VATOVAVY'),
(13, 'BETSIBOKA'),
(14, 'BOENY'),
(15, 'MELAKY'),
(16, 'SOFIA'),
(17, 'ALAOTRA-MANGORO'),
(18, 'ANALANJIROFO'),
(19, 'ATSINANANA'),
(20, 'ANDROY'),
(21, 'ANOSY'),
(22, 'ATSIMO-ANDREFANA'),
(23, 'MENABE'),
(24, 'AMBATOSOA');

-- --------------------------------------------------------

--
-- Structure de la table `type_association`
--

DROP TABLE IF EXISTS `type_association`;
CREATE TABLE IF NOT EXISTS `type_association` (
  `id` int NOT NULL AUTO_INCREMENT,
  `type` varchar(255) NOT NULL,
  PRIMARY KEY (`id`)
) ENGINE=InnoDB AUTO_INCREMENT=3 DEFAULT CHARSET=utf8mb3;

--
-- Déchargement des données de la table `type_association`
--

INSERT INTO `type_association` (`id`, `type`) VALUES
(1, 'Association des femmes'),
(2, 'Association des personnes handicapés et personnes agés');

-- --------------------------------------------------------

--
-- Structure de la table `user`
--

DROP TABLE IF EXISTS `user`;
CREATE TABLE IF NOT EXISTS `user` (
  `id` int NOT NULL AUTO_INCREMENT,
  `email` varchar(180) COLLATE utf8mb4_unicode_ci NOT NULL,
  `roles` json NOT NULL,
  `password` varchar(255) COLLATE utf8mb4_unicode_ci NOT NULL,
  `name` varchar(50) COLLATE utf8mb4_unicode_ci NOT NULL,
  `firstname` varchar(150) COLLATE utf8mb4_unicode_ci NOT NULL,
  `created_at` datetime DEFAULT NULL COMMENT '(DC2Type:datetime_immutable)',
  `updated_at` datetime DEFAULT NULL COMMENT '(DC2Type:datetime_immutable)',
  `is_verified` tinyint(1) NOT NULL,
  PRIMARY KEY (`id`),
  UNIQUE KEY `UNIQ_IDENTIFIER_EMAIL` (`email`)
) ENGINE=InnoDB AUTO_INCREMENT=36 DEFAULT CHARSET=utf8mb4 COLLATE=utf8mb4_unicode_ci;

--
-- Déchargement des données de la table `user`
--

INSERT INTO `user` (`id`, `email`, `roles`, `password`, `name`, `firstname`, `created_at`, `updated_at`, `is_verified`) VALUES
(14, 'kFriesen@yahoo.com', '[]', '$2y$13$0xCGfYdvlHY0v6/5Jj8JSOl2CVwutGD5vu26ZmeK95eN7f5g5x1Ye', 'Schamberger', 'Rozella', '2024-10-11 17:42:51', '2024-10-11 17:42:51', 0),
(15, 'Cheyanne18@Reynolds.com', '[]', '$2y$13$/XBmQ7vcyRT0H3m5RgPhUujqfT9pbOzhYH/E6eKRgH0gKCwBY9eWe', 'Schulist', 'Melisa', '2024-10-11 17:42:53', '2024-10-11 17:42:53', 0),
(16, 'Tyrique84@gmail.com', '[]', '$2y$13$5FQgKIuFmnP/nVPUBI7NpuARoF3fHPVU4MrQMQW7NDB3vjvxehy1K', 'Greenfelder', 'Ellsworth', '2024-10-11 17:42:54', '2024-10-11 17:42:54', 0),
(17, 'Von.Lavonne@Carter.com', '[]', '$2y$13$qOCjPjnzJS2EV7UyMvHj9u0Rz8QOYycmP0guEj.YWQG9jIGNf5xqy', 'Harber', 'Ruthe', '2024-10-11 17:42:56', '2024-10-11 17:42:56', 0),
(18, 'Cameron53@Shields.org', '[]', '$2y$13$rNoTUNQeZgxBK/XLQfI2zOjg1Q/VYShf5JfNPALyC8J97.p/o93VS', 'McGlynn', 'Vernice', '2024-10-11 17:42:58', '2024-10-11 17:42:58', 0),
(19, 'nem@gmail.com', '[]', '$2y$13$H.BjVOGZpU.ifhffa5s/6egUaaOcM80YvHA.EWYXPXHmPtd22kJMO', 'Rakotondramanana', 'Nehemia', NULL, NULL, 0),
(24, 'vonjy@gmail.com', '[]', '$2y$13$8Y/BbWz/ROflybR7P.jnNeZvCEGg7PpBgjDr/zQOjo9vzZtuc4k9a', 'Ramanana', 'Vonjy', NULL, NULL, 0),
(34, 'ludo@gmail.com', '[]', '$2y$13$32wsgB/WrpiaL8YCL3XcB.ULDsmid0Q5d7wMhCsLqk8fOWwD1XcAe', 'Bodoarimanana', 'Bodo', '2024-10-18 12:29:53', '2024-10-18 12:29:53', 0),
(35, 'njato@gmail.com', '[]', '$2y$13$P7RLyECcEz926gJZyxZvweFtqag93l0BAlFtymp6CEdxN5SAR3/0e', 'Zakarainy', 'Njato', '2024-10-18 12:31:20', '2024-10-18 12:31:20', 0);

--
-- Contraintes pour les tables déchargées
--

--
-- Contraintes pour la table `association`
--
ALTER TABLE `association`
  ADD CONSTRAINT `association_ibfk_1` FOREIGN KEY (`type_association_id`) REFERENCES `type_association` (`id`),
  ADD CONSTRAINT `FK_FD8521CC131A4F72` FOREIGN KEY (`commune_id`) REFERENCES `commune` (`id`);

--
-- Contraintes pour la table `association_besoin`
--
ALTER TABLE `association_besoin`
  ADD CONSTRAINT `FK_B26CDD66EFB9C8A5` FOREIGN KEY (`association_id`) REFERENCES `association` (`id`) ON DELETE CASCADE,
  ADD CONSTRAINT `FK_B26CDD66FE6EED44` FOREIGN KEY (`besoin_id`) REFERENCES `besoin` (`id`) ON DELETE CASCADE;

--
-- Contraintes pour la table `commune`
--
ALTER TABLE `commune`
  ADD CONSTRAINT `FK_E2E2D1EEB08FA272` FOREIGN KEY (`district_id`) REFERENCES `district` (`id`);

--
-- Contraintes pour la table `district`
--
ALTER TABLE `district`
  ADD CONSTRAINT `FK_31C1548798260155` FOREIGN KEY (`region_id`) REFERENCES `region` (`id`);
COMMIT;

/*!40101 SET CHARACTER_SET_CLIENT=@OLD_CHARACTER_SET_CLIENT */;
/*!40101 SET CHARACTER_SET_RESULTS=@OLD_CHARACTER_SET_RESULTS */;
/*!40101 SET COLLATION_CONNECTION=@OLD_COLLATION_CONNECTION */;
